Title,Article,Category,PressCompany
25년 만에 경제성장률 日에 역전당해… 올해 재역전 예상,"한국 지난해 실질 GDP 성장률 1.4%IMF 추산치 日 2.0%에 뒤지면서25년 만에 역전당해… 올해는 재역전 예상국민일보DB올해 한국의 경제성장률이 일본에 재역전할 것으로 전망된다는 분석이 나왔다. 일본의 지난해 경제성장률은 공식 발표되지 않았지만, 국제통화기금(IMF)이 추산한 지난해 일본 경제성장률은 2.0%로 한국 실질 국내총생산(GDP) 성장률 1.4%를 앞선다.니혼게이자이신문(닛케이)은 26일 보도에서 이같은 전망을 내놨다. 한국은 외환위기 때였던 1998년 이후 25년 동안 일본보다 높은 경제성장률을 기록했다. 신문은 지난해 한국이 일본보다 경제성장률이 뒤진 것을 두고 “반도체 불황 같은 일회성이 아닌 한국 경제의 구조적 문제도 드러나기 시작한 것”이라고 분석했다.한국 경제가 1997년 아시아 외환위기 이후 중국의 급속한 경제성장의 반사 수혜를 누리며 산업을 발전시켜왔다고 닛케이는 짚었다. 또 중국의 제조업 기술력이 크게 향상되면서 한국 산업 경쟁력이 상대적으로 저하할 수 있다고 관측했다.닛케이는 “한국도 저성장기에 들어갔다고 하는 견해가 강해지고 있다”고 총평했다. 한국은행이 저출산·고령화와 생산성과 경쟁력 저하로 잠재성장률이 오르지 않고 있다고 평가한 것도 근거로 지목됐다.IMF는 한국 경제성장률을 2024년 이후에도 2%대 전반에서 움직일 것으로 보고 있다. 한국은 2000년대 평균 경제성장률 4%대 후반대에서 머물렀다. 2010년대에는 2%대 후반으로 떨어졌고, 지난해는 1%대까지 내려왔다.",경제,국민일보
SK하이닉스 마침내 흑자 전환…반도체업계 '불황 탈출' 본격화,"국내 반도체업계가 장기간 이어진 불황 국면을 벗어나 인공지능(AI)용 고부가가치 제품 수요 증가를 발판으로 정상 궤도 복귀를 향해 바쁜 걸음을 옮기고 있습니다.SK하이닉스가 4개 분기에 걸친 적자 행진을 마치고 마침내 흑자로 전환한 가운데 삼성전자도 반도체 부문 적자 폭이 지속 축소되는 것으로 나타나 올해 본격적인 수익 국면 진입에 힘에 실리는 분위기입니다.다만 메모리 시장의 불확실성이 완전히 해소되지는 않았다는 판단에 따라 공급 과잉에 따른 수익성 감소가 재차 발생하지 않도록 생산과 투자 기조는 시장 상황을 보며 신중하게 결정할 방침입니다.SK하이닉스는 오늘(25일) 작년 4분기 영업이익이 3천460억 원으로 전년 4분기 적자 전환 이후 5분기 만에 흑자로 돌아섰다고 밝혔습니다.전 세계적 경기 침체와 고금리 기조로 크게 감소했던 정보기술(IT) 수요가 지속적인 회복세를 보인 가운데 2022년 4분기 시작한 메모리 감산의 효과와 고대역폭 메모리(HBM), 고용량 DDR5 등 AI 서버용 제품 및 모바일용 메모리 수요 성장이 흑자 전환의 주된 요인으로 보입니다.SK하이닉스의 AI용 고성능 메모리앞으로도 PC 교체 수요 증가, 고성능 D램이 필요한 AI PC 시장 확대, 플래그십을 중심으로 한 스마트폰 교체 수요 증가, 생성형 AI 확대에 따른 AI 서버 시장 성장 등 전방 응용처 분야에서 반도체 업황을 끌어올릴 긍정적 요인이 많아 수급 여건은 꾸준히 개선될 것이라는 전망이 나옵니다.SK하이닉스는 오늘 실적 발표 콘퍼런스콜에서 ""작년 하반기부터 메모리 시장 수급 상황이 개선되며 극심한 불황기를 벗어나 본격적인 성장세로 전환했다고 판단한다""며 ""지난 2년간 역성장한 PC와 모바일 기기 출하량이 성장세로 돌아서고 고객 투자가 증가하며, AI향 서버 수요와 더불어 일반 서버 수요도 회복할 것으로 전망된다""고 말했습니다.오는 31일 실적 발표를 앞둔 삼성전자는 지난 9일 작년 4분기 잠정 영업이익이 직전 분기(2조 4천400억 원) 대비 개선된 2조 8천억 원이라고 밝혔습니다.아직 부문별 구체적 실적이 공개되지는 않았지만, 반도체를 담당하는 디바이스솔루션(DS) 부문 적자 폭이 줄어드는 추세라는 점에서 4분기에도 적자 규모를 얼마나 줄였을지에 관심이 쏠립니다.삼성전자 DS 부문 적자는 작년 2분기 4조 3천600억 원에서 3분기 3조 7천500억 원으로 감소했습니다.증권가에서는 4분기에 적자 규모가 1조 원대 초중반까지 줄어들 것이라는 전망이 나옵니다.최근 IT 수요 회복과 AI 시장 확대 추세, 그간 이어진 감산에 따른 메모리 가격 상승 가능성 등을 감안하면 올해 양사는 큰 폭의 실적 개선이 예상됩니다.타이완 시장조사업체 트렌드포스는 올해 1분기 D램 고정 가격이 직전 분기 대비 13∼18%, 낸드는 18∼23% 상승할 것으로 예상했고, 2분기에는 D램과 낸드 모두 전 분기보다 3∼8% 오를 것으로 내다봤습니다.김동원 KB증권 연구원은 ""상반기 D램 감산을 완화해도 올해 D램은 3.6%, 낸드는 5.9% 공급 부족이 예상된다""며 ""올해 D램 평균 판매 단가(ASP)는 작년 대비 46%, 낸드는 29% 상승할 것""이라고 전망했습니다.연합인포맥스가 집계한 증권사 실적 전망치(컨센서스)를 보면 삼성전자는 전 부문을 더한 영업이익이 34조 원, SK하이닉스는 9조 원대로 양사 합산 영업이익 전망은 43억 원대에 이릅니다.삼성전자 32Gb DDR5 D램 이런 시장 상황에 따라 양사는 HBM, DDR5 등 고성능·고용량 제품을 중심으로 공급량을 점차 늘리며 수익성 제고에 주력할 방침입니다.다만 전체적인 감산 기조를 단기간에 흔들지는 않을 것으로 보입니다.SK하이닉스는 오늘 콘퍼런스콜에서 ""업계의 재고 수준이 정상화하는 시점에 맞춰 감산 규모가 점진적으로 조정될 것으로 예상된다""면서도 ""수요가 증가하고 선단 공정이 필요한 프리미엄 제품 중심으로 생산이 증가하기 때문에 전체 생산량 증가는 제한적일 것""이라고 말했습니다.앞서 곽노정 SK하이닉스 사장도 최근 미국 라스베이거스에서 열린 'CES 2024'에서 ""수요가 많은 제품은 당연히 최대한 생산하고 수요가 취약한 부분은 조절해나갈 것""이라며 ""D램은 1분기에 변화를 줘야 할 것 같고, 낸드는 2분기나 3분기 등 중반기가 지나 시장 상황을 보면서 같은 원칙을 갖고 하려고 한다""고 밝힌 바 있습니다.전례 없는 불황으로 축소했던 설비투자(CAPEX·캐펙스)도 시장 수요 등을 살펴 투자 효율성을 극대화하고, 과거처럼 투자 증가가 공급 과잉으로 이어지지 않도록 보수적 기조를 취할 방침입니다.SK하이닉스는 ""당사의 과거 투자 수준과 연간 감가상각비를 고려하면 작년 설비 투자 규모는 AI향 제품 수요 대응을 위한 필수 투자를 제외한 전 영역에서 투자비를 대폭 축소한 수준""이라며 ""철저히 고객 수요에 기반해 가시성이 확보된 제품의 생산 확대를 위해 투자할 계획""이라고 밝혔습니다.이런 관점에서 당분간 설비 투자는 AI 시장 확대로 수요가 증가하는 HBM 등 프리미엄 제품 양산 확대를 위한 인프라 증설 등에 집중될 전망입니다.앞서 한진만 삼성전자 DS 부문 미주총괄(DSA) 부사장은 올해 CES에서 ""다른 공급사들이 HBM을 열심히 해서 우리도 긴장하면서 돈을 벌어야겠다고 생각하고 있다""며 ""올해 HBM의 설비 투자를 2.5배 이상으로 늘린다고 했고 내년에도 그 정도 수준이 되지 않겠나 예상하고 있다""고 말했습니다.(사진=SK하이닉스 제공, 삼성전자 제공, 연합뉴스)",경제,SBS
GM의 미래로 떠오른 한국사업장...새해부터 총괄부사장 방한,"지난 24~25일 이틀간 부평·창원공장 점검제너럴 모터스(GM) 제럴드 존슨 글로벌 생산 부문 총괄부사장이 지난 24~25일 부평·창원공장을 방문했다. [사진 GM 한국사업장][이코노미스트 이지완 기자] 제너럴 모터스(General Motors, 이하 GM)의 글로벌 생산 부문을 담당하는 제럴드 존슨(Gerald Johnson) 총괄부사장이 올해 첫 번째 해외 일정으로 한국을 택했다. 한국사업장에서 생산되는 글로벌 전략 모델인 쉐보레 소형 스포츠유틸리티차량(SUV) 트레일블레이저와 트랙스 크로스오버의 중요성을 느낄 수 있는 대목이다.26일 GM 한국사업장에 따르면 존슨 총괄부사장은 지난 24~25일 전 세계적으로 폭발적인 주문 요청이 이어지고 있는 쉐보레 트레일블레이저와 트랙스 크로스오버가 생산되는 GM 부평공장과 창원공장을 잇달아 방문했다.존슨 총괄부사장은 올해 첫 해외 사업장 방문 일정으로 한국을 택했다. 지난 24일 부평공장, 다음달(25일) 창원공장을 연이어 방문한 존슨 총괄부사장은 쉐보레 트레일블레이저와 트랙스 크로스오버의 최고 품질 유지와 생산성 향상을 위한 설비와 기술들을 면밀하게 살폈다.특히 존슨 총괄부사장은 부평공장에서 작업자의 부상 예방을 예방하고 조립 공정의 경쟁력을 높이기 위해 설치된 최신 설비를 둘러보며, 부평공장의 뛰어난 생산 품질의 배경과 작업자의 근로 환경의 안전성을 직접 확인했다.존슨 총괄부사장은 GM 한국사업장 임직원들에게 “트랙스 크로스오버와 트레일블레이저는 전-전동화와 더불어 GM의 올해 핵심 사업전략 중 하나인 수익성 있는 내연기관 포트폴리오의 성장에 중요한 역할을 수행하고 있다”면서 “GM 한국사업장에서 생산하고 있는 이들 전략 제품에 대한 글로벌 수요는 굳건하며, 뛰어난 품질 관리를 바탕으로 차질없는 생산과 공급을 담당하고 있는 모든 한국팀의 헌신에 감사하다”고 말했다.헥터 비자레알(Hector Villarreal) GM 한국사업장 사장은 “트레일블레이저와 트랙스 크로스오버는 지난해 한국 승용차 수출 시장에서 누적 1위와 4위를 차지하는 등 한국사업장뿐 아니라 대한민국 경제와 자동차 산업 발전에도 큰 기여를 하고 있다”면서 “GM 한국사업장은 지난해에 이어 올해도 연간 50만 대 규모의 생산 역량을 최대한 가동해 폭발적인 글로벌 수요에 차질없이 대응할 것이며, 이를 통해 한국 비즈니스의 지속 가능성을 한층 강화할 계획”이라고 전했다.존슨 총괄부사장의 첫 방문지인 부평공장에서는 현재 트레일블레이저(파생모델 포함)와 트랙스 크로스오버의 파생모델이 생산되고 있다. 부평공장은 최근 글로벌 GM의 공장 평가 시스템인 GMS BIQ를 통해 문제해결 능력, 프로세스, 평가 시스템 등에서 높은 평가를 받으며 ‘결함이 공정을 떠나지 않는 단계’를 의미하는 BIQ 레벨 4를 획득했다.부평공장에서 생산돼 해외로 판매되는 트레일블레이저가 2023년 국내 승용차 수출 1위를 달성하는 등의 전 세계적으로 폭발적인 인기를 유지하는 이유도 부평공장이 보유하고 있는 탁월한 품질 관리를 바탕으로 한 뛰어난 제품 경쟁력 덕분이다.이어 존슨 총괄부사장이 방문한 GM 창원공장은 최근 이뤄진 약 9000억 원 규모의 투자를 바탕으로 GM의 최신 글로벌 표준 기술이 대거 적용된 생산시설이다. 인체공학적 공정 설계 및 주요 공정의 자동화를 바탕으로 시간당 60대 생산이 가능한 효율성과 유연성, 뛰어난 제조 품질을 확보했다. 지난해 총 20만4910대의 트랙스 크로스오버를 글로벌 시장에 공급한 창원공장은 현재 트랙스 크로스오버에 대한 폭발적인 글로벌 수요에 대응하기 위해 공장 가동률을 최대한 높이고 있다. 지난해 12월에는 출시 이래 최대 성과인 2만5968대를 공급하며 상승세를 이어가고 있다.한편 GM 한국사업장은 지난 한 해 총 46만8059대(완성차 기준)를 판매하며 전년 대비 76.6% 증가세를 기록했다. 이는 지난 2017년 이후 최대 연간 판매량이다.GM은 이러한 성장세를 이어가기 위해 지난해에 이어 올해도 연간 50만 대 규모의 생산 역량을 최대한 가동할 방침이다. 이를 통해 글로벌 소형 크로스오버·SUV 세그먼트에서의 확고한 입지를 공고히 할 계획이다.",경제,이코노미스트
1인당 하루에 밥 '한 공기 반' 먹는다…30년 전의 절반 수준,"작년 1인당 하루 평균 쌀 154.6g 소비…전년보다 0.6% 감소서울 시내의 한 대형마트에 마련된 즉석밥 매대. 2021.2.22/뉴스1 ⓒ News1 구윤성 기자(세종=뉴스1) 손승환 기자 = 지난해 1인당 연간 쌀 소비량이 역대 최저치를 또 한 번 갈아치웠다.통계청이 26일 발표한 '2023년 양곡소비량조사 결과'에 따르면 지난해 1인당 연간 쌀 소비량은 56.4kg으로 전년 대비 0.6%(0.3kg) 줄었다.1963년 관련 통계가 작성된 이래 가장 낮은 수준으로, 해당 수치는 1985년부터 꾸준히 감소하고 있다.  특히 1993년 1인당 연간 소비량이 110.2kg이었던 점을 고려하면 30년 새 절반가량 줄어든 셈이다.연간 소비량이 줄어들면서 한 사람이 하루 평균 섭취하는 쌀의 양도 감소하는 추세다.지난해 1인당 하루 쌀 소비량은 154.6g으로 1년 전보다 0.6%(0.9g) 줄었다.공깃밥 한 그릇에 쌀 100g이 들어간다고 볼 때 한 사람이 하루 평균 한 공기 반을 먹는다는 의미다.하루 평균 쌀 소비량은 2014년 178.2g, 2016년 169.6g, 2018년 167.3g, 2020년 158g, 2022년 155.5g 등으로 줄어든 바 있다.다만 쌀을 제외한 연간 기타양곡 소비량은 1인당 8.2kg으로 전년보다 2.8%(0.2kg) 증가했다.보리쌀(-1.5kg), 서류(-2.6kg) 등의 소비량이 감소했으나 잡곡(1.3kg), 두류(1.9kg) 등이 늘었다.전체 양곡소비량 중에서 기타양곡이 차지하는 비중은 전년 대비 0.4%포인트(p) 오른 12.7%였다. 지난해 1인당 양곡(쌀+기타양곡) 소비량은 전년보다 0.2%(0.1kg) 감소한 64.6kg으로 집계됐다.이 밖에 식료품 및 음료 등을 만드는 제조업 부문의 쌀 소비량은 1년 전보다 18.2%(12만5700톤) 늘어난 81만7122톤이었다.업종별 구성비는 떡류 제조업이 26.2%로 가장 높았고, 주정 제조업(24.1%), 기타 식사용 가공처리 조리식품(15.9%), 기타 곡물가공품 제조업(9.8%) 등 순이었다.",경제,뉴스1
평당 분양가 1억 '포제스 한강'에 6백여명 몰렸다...경쟁률 6.1대 1,"서울 광장동 한강변 아파트 '포제스 한강' 조감도 (출처='포제스 한강' 홈페이지)    평당 1억원이 넘는 역대 최고 분양가로 화제가 된 서울 광장동 한강변 초고가 아파트 '포제스 한강'의 일반공급에 6백여명이 넘는 사람들이 모였습니다.    한국부동산원 청약홈에 따르면 포제스한강 1순위 청약에서 일반공급 106가구 모집에 646명이 몰려 평균 6.09대 1의 경쟁률을 보였습니다.    가장 경쟁률이 높은 평형은 20가구가 배정된 전용 84㎡로 508명의 신청자가 몰려 25.4대 1의 경쟁률을 기록했습니다.    전용 115㎡는 25가구 모집에 54명이 신청했고 전용 123㎡는 23가구 모집에 56명이 신청했습니다. 반면 213㎡의 31가구와 223㎡의 5가구는 각각 16명과 3명이 신청하는 데 그쳤습니다.    하루 일찍 이뤄진 34가구 특별공급 모집엔 92명이 신청해 평균 2.7대 1의 경쟁률을 보였습니다. 모집엔 생애 최초 청약자 57명, 신혼부부 31명이 신청했습니다.    옛 한강호텔 부지에 들어서는 '포제스 한강'은 지하 3층~지상 15층 3개동, 128가구로 조성될 예정입니다. 하이엔드 주택을 표방해 모든 가구가 유리 외벽으로 마감되며 최대 17m의 창으로 한강을 내다보게 설계됐습니다.    공급 전부터 높은 분양가로 관심을 끌었는데 3.3㎡당 평균 1억 1500만원에 분양 승인을 받아 화제가 됐습니다. 면적별 분양가는 84㎡가 최대 44억 원대, 전용 115㎡는 최고 63억 원대, 펜트하우스인 전용 244㎡형은 160억 원대로 주변 시세보다 2~3배 높은 수준입니다.    1순위 청약 접수를 마친 포제스 한강은 오늘 2순위 청약 접수를 진행합니다. 당첨자 발표는 오는 2월 1일이며, 이후 15~17일 3일간 정당계약을 실시할 예정입니다.",경제,JTBC
[컨콜] LG엔솔 “1분기 매출 감소 예상… 2분기부터 회복”,"LG에너지솔루션 CI. /LG에너지솔루션 제공        LG에너지솔루션은 올해 실적 전망에 대해 1분기는 다소 주춤하지만, 2분기부터 실적이 성장할 것으로 전망했다.LG에너지솔루션은 26일 열린 지난해 4분기 실적발표 컨퍼런스콜에서 “1분기는 배터리 수요 약세와 리튬 등 주요 메탈가 가격 하락 영향으로 직전 분기 대비 매출은 다소 하락이 예상된다”고 밝혔다.다만 “올해부터 미국에서 전기차 구매 시점에 인플레이션감축법(IRA) 보조금 혜택이 제공되고 있고, 상반기 중 고객사의 본격적인 신규 차량 라인업이 예정된 만큼 상대적으로 양호한 북미 전기차 수요에 적극 대응해 2분기부터 점진적 회복이 가능할 것으로 전망된다”고 설명했다.이어 “재료비와 물류비 등 원가를 절감하고, 신규 공장에서도 수율을 최대로 올리는 등 손익을 최대한 방어할 것”이라고 밝혔다.지난해 LG에너지솔루션의 누적 매출은 33조7455억원, 영업이익은 2조1632억원으로 집계됐다. 전년 대비 매출은 31.8%, 영업이익은 78.2% 증가했다.지난해 4분기만 놓고 보면 매출 8조14억원, 영업이익 3382억원을 기록했다. 전년 동기 대비 매출은 6.3% 줄었으나, 영업이익은 42.5% 증가했다. 4분기 영업이익에는 미국 IRA(인플레이션 감축법) AMPC(첨단제조생산세액공제) 제도에 따른 혜택 2501억원이 포함됐다. 이를 제외한 영업이익은 881억원이다.",경제,조선비즈
"금감원 ""비상장사도 자산 5000억 넘으면 내부회계관리제도 구축해야""","서울 여의도 금융감독원 본원 전경. ⓒ데일리안[데일리안 = 김재은 기자] 상장사는 물론 비상장사도 자산이 5000억원을 넘으면 내부회계관리제도를 구축해야 한다.금융감독원은 주권상장법인을 비롯해 별도 재무제표 기준 직전 사업연도 자산총액이 5000억원 이상인 비상장법인도 내부회계관리제도를 구축해야 한다고 25일 밝혔다.금감원은 내부회계 준수실태를 점검한 결과 위반건수가 과거에 비해 감소하는 등 내부회계관리제도 기본 의무사항은 정착 단계에 있지만, 일부 기업에서 유사 위반 사례가 지속 발생하고 있다고 지적했다.내부회계관리제도는 신뢰성 있는 재무제표를 작성·공시하기 위해 설계·운영되는 내부통제제도를 말한다. 상장법인 및 자산총액이 일정 금액 이상인 비상장법인은 외부감사법에 따라 내부회계 규정, 조직 등 내부회계관리제도를 마련해야 한다.그리고 자원‧인력 등을 충분히 투입해 내부회계관리제도가 내실있게 운영될 수 있도록 해야 한다.아울러 내부회계관리제도 필수 공시서류의 누락 여부를 꼼꼼히 확인해야 하며 대표이사는 주주총회, 이사회 및 감사에게 내부회계운영실태를, 감사는 이사회에 내부회계운영실태평가를 보고하고 기록‧관리 해야 한다고 안내했다.이밖에 감사인은 내부회계 미구축 회사, 감사의견 비적정 회사에 대해서도 내부회계 의견을 표명해야 하고 외부감사법에서 정의한 방식으로 내부회계 관련 의견을 표명해야 한다고 덧붙였다.금감원 관계자는 ""내부회계관리제도에 대한 이해도 제고를 위해 유관기관을 통해 지속적으로 관련 제도·법규 및 유의사항을 안내할 계획""이라며 ""최근 개정내용의 충실한 숙지 및 이행 등을 통해 회사 경영진이 내부회계관리제도를 보다 책임있게 운영하도록 유도할 것""이라고 말했다.",경제,데일리안
새 농협회장에 강호동…8년 만에 영남권 출신 수장,"17년 만의 직선제 및 영남 표 분산 우려에도1차 투표 때 607표 획득…과반은 못 넘겨 결선까지""폭 넓게 사람들 만나고 애경사 두루 잘 챙겨""주요 공약으로 농축협 위한 무이자자금 20조 조성지배구조 개편 기대도…법 개정은 걸림돌[이데일리 김은비 기자] 큰 이변은 없었다. 17년 만에 조합원 직선제로 치러진 제25대 농협중앙회 회장 선거에서 강호동(60) 합천율곡농협 조합장이 당선됐다. 지난 선거에서 고배를 마신 뒤 두 번째 도전만에 회장직에 오르게 된 것이다. 영남 출신 조합장이 당선된 건 최원병 전 회장 이후 8년 만이다. 25일 농협중앙회에 따르면 이날 서울 서대문구 본관에서 치른 농협회장 선거 결선 투표에서 기호 2번 강 후보가 781표(득표율 62.3%)를 얻어 당선을 확정했다. 기호 3번 조덕현 후보는 464표(37.0%)에 머물렀다. 농협회장 선거는 1차 투표에서 과반 득표자가 없을 경우 상위 1·2위 득표자를 대상으로 결선투표를 치른다. 강 당선인은 당선 직후 소감 발표를 통해 “조합장들의 압도적 지지는 농협을 혁신하고 변화시켜 농어민을 위하라는 뜻으로 알겠다”며 “조합장 여러분께 말씀드린 100대 공약을 꼭 지치겠다”고 밝혔다.[이데일리 김태형 기자] 농협중앙회 25대 신임 회장 선거에서 강호동 율곡농협 조합장이 25일 선출됐다.직선제·영남 표 분산 우려에도…1차 투표 때 607표 획득경남 합천 출신인 강 당선인은 지난 선거에 이어 두 번째 도전만에 회장직을 차지했다. 농민신문 이사와 농협중앙회 대의원 등을 지낸 5선 조합장으로 지난 선거부터 유력 후보자로 꼽혀왔다. 하지만 당시엔 1차 투표에서 3위를 차지하며 고배를 마셨다. 이후 일찍이 선거 캠프를 꾸려 후보들 중 인지도가 가장 높았다. 이날 투표장에서 만난 서울 지역의 한 조합장은 “강 후보가 그간 전국적으로 다니며 폭넓게 사람들을 만나오고 애경사도 두로 잘 챙겨왔다. 그런 사람이 진짜 일꾼”이라고 호평했다.그럼에도 이번 선거는 투표 직전까지도 결과를 예측하기 어렵다는 분위기였다. 영남 출신 후보자들이 3명이나 출마해 표가 분산될 수 있다는 우려가 컸다. 영남은 표수가 가장 많아 전통적으로 강세를 보였던 지역이었다. 하지만 단일화 실패의 영향으로 23, 24대에 잇달아 낙선한 바 있다. 이번 선거에서는 강 당선인 외에도 유력 후보로 꼽힌 송영조 부산 금정농협 조합장과 황성보 경남 동창원농협 조합장이 영남 출신이었다. 2007년 이후 17년 만에 조합장 직선제로 치러진 점도 예측의 걸림돌로 꼽혔다. 그간 농협은 대의원 간접선거제로 회장을 선출했는데, 이번에는 법 개정을 통해 전국의 조합장 총 1111명이 모두 투표에 참여해 직접 회장을 뽑았다. 이 중 초선 조합장들이 3분의 1이나 차지했고, 조합원 수가 3000명이 넘는 조합원은 한 표를 더 행사하는 ‘부가의결권’ 제도도 도입됐다.전남에서 온 한 초선 조합장은 1차 투표 직후 “다양한 조합장들의 의견이 반영돼 결과를 예단하기 어렵다”며 “혁신을 원하는 초선 조합장들을 어떤 후보가 더 많이 만나고 다녔는지가 선거를 좌우할 것”이라고 분위기를 전했다. 하지만 강 후보는 이날 오후 1시 30분부터 진행한 1차 투표에서도 2위 후보를 큰 차이로 이기며 승리에 한 발 다가섰다. 1차 투표 결과에서 강호동 후보는 607표(48.6%)로 근소하게 과반을 넘지 못했다. 2위인 조덕현 후보는 327표(26.2%)를 기록했고, 송영조 후보는 292표(23.4%)로 3위에 그쳤다. 강 당선자가 회장직에 오르게 되면서 영남 지역 후보자가 21~22대 회장을 역임했던 최원병 전 회장 이후 8년 만에 농협 회장 자리에 앉게 됐다. 경남 출신으로는 18~20대 회장인 정대근 전 회장 이후 20년 만이다. 농축협 위한 무이자자금 20조 조성…지배구조 개편 속도강 당선인이 취임하게 되면 206만 조합원의 수장으로서 농업인 지원을 추진함은 물론 중앙회 전 계열사에 대한 영향력을 행사하게 된다. 특히 중앙회장은 비상근직이지만 농협경제·금융지주 산하의 30여개 계열사, 525조원에 이르는 자산, 약 10만 명의 임직원을 총괄하는 ‘농협 대통령’로 통한다. 강 당선인이 본격적으로 업무에 들어가면 현 농협 체제에도 큰 변화가 있을 것으로 보인다. 강 당선인은 후보자 시절부터 ‘변화와 혁신’을 앞세워 표심을 끌어 모았다. 특히 대표적 공약인 지역농·축협 경제사업 활성화에 우선적으로 속도를 낼 것으로 보인다. 그는 지역 농축협을 위한 무이자자금 20조원을 조성하고, 정부와 협력으로 농산물 가격안정기금 1조원 적립을 공약으로 제시한바 있다. 무이자자금 지원 시 농·축협 자부담도 완전히 없애 경영 부담을 덜어준다는 계획이다.지배구조 개편도 급물살을 탈 것으로 보인다. 앞서 강 당선인은  ‘1중앙회 1지주 체제’ 전환을 공약으로 내걸었다. 현재 지배구조는 신용사업과 경제사업이 분리돼 중앙회와 경제지주, 금융지주로 이뤄진 ‘1중앙회 2지주 체제’다. 하나로유통 등이 있는 경제지주를 중앙회가 흡수하고, 지주는 농협은행과 NH투자증권 등을 가진 금융지주만 두겠다는 것이다. 다만 농협중앙회 지배구조 개편은 농협법을 개정해야 되기 때문에 국회에서 진통을 겪을 수 있다. 이밖에도 강 당선인은 △조합장 보수를 이사회에서 결정 △연봉 하한제와 특별 퇴임 공로금 제도 △도시 농축협 경제사업 활성화 △농업인력 문제 해소 △도시·농촌 농축협간 상생 추진 등 100대 공약을 제시한 바 있다.한편 강 당선인의 임기는 3월 중순 열리는 정기총회일 이후 시작된다. 총회일은 아직 정해지지 않았다. 총회가 열리기 전까지는 이성희 현 회장이 임기를 이어간다.",경제,이데일리
"""테슬람들 잠 못 이룬 밤""…테슬라, 실적 발표 후 12% 급락","'저가 전기차' 발표에도목표주가 하향 줄이어이 기사는 국내 최대 해외 투자정보 플랫폼 한경 글로벌마켓에 게재된 기사입니다.테슬라 급속충전소에서 차량이 충전되고 있다.(사진=AP연합뉴스)미국 전기차 업체 테슬라가 “올해 차량 판매 증가율이 둔화할 수 있다”고 경고하자 주가가 하루 만에 12% 이상 급락했다. 글로벌 전기자동차 시장 경쟁이 격화되면서 가격 인하에 나선 테슬라의 실적 전망에 먹구름이 끼었다는 판단이 적용됐다. 리비안, 루시드 등 다른 전기차 회사 주가도 떨어졌다.25일(현지시간) 뉴욕증시에서 테슬라 주가는 전날보다 12.13% 하락한 182.63달러에 마감했다. 작년 5월 이후 8개월 만의 최저치다. 시가총액이 하루에만 800억달러가량 증발해 미국 내 시가총액 9위로 밀렸다.미국 경제매체 CNBC는 이날 테슬라의 주가 하락 폭이 2020년 9월 하루 21% 하락한 이후 최대치라고 전했다. 리비안(-2.22%), 루시드(-5.67%), 피스커(-8.49%) 등 전기차 업체 주가도 덩달아 내렸다.실적 발표 후 떨어진 테슬라 주가(사진=로이터통신)전날 테슬라가 기대 이하의 4분기 실적을 발표한 것에 이어 회사 측에서 올해 성장세에 대한 우려를 나타내자 투자자들이 반응한 것으로 분석된다.로이터 통신에 따르면 일론 머스크 테슬라 최고경영자(CEO)는 “가격 인하에도 불구하고 올해 매출 성장이 둔화할 수 있다”며 “2025년 하반기에 텍사스 공장에서 생산할 저가 차세대 전기 자동차에 집중할 것”이라고 밝혔다. 시장에서는 테슬라가 선보일 차세대 모델 차량 가격을 대당 3만달러 초반으로 예상한다.일론 머스크 테슬라 CEO(사진=AP연합뉴스)테슬라는 전기차 판매량을 늘리는 동시에 다수의 전기차 업체와 경쟁해야하는 두 가지 과제에 직면해있다. 이를 위해 유럽, 중국 등 주요 시장에서 가격을 인하하긴 했지만, 마진은 악화됐다고 전문가들은 분석했다.머스크는 전날 실적 발표 이후 컨퍼런스콜에서 “우리가 관찰한 바로는 중국 자동차 회사들이 세계에서 가장 경쟁력이 있는 회사들”이라며 “무역 장벽이 없다면 그들은 전 세계 대부분의 다른 자동차 회사들을 거의 모조리 없앨(demolish) 것”이라고 말했다.금융투자업계도 테슬라 주가 전망치를 하향 조정했다. 로이터통신에 따르면 로열뱅크오브캐나다(300달러→297달러), 캐너코드제뉴이티(267달러→234달러), 바클레이즈(250달러→225달러) 등 9개 회사가 목표 주가를 낮췄다.애널리스트들은 테슬라가 ‘매그니피센트 7’ 종목 중 가장 밸류에이션이 높은 점을 지적했다. 매출과 이익이 더 떨어진다면 현재 밸류에이션이 정당화될 수 없다는 것이다. 로이터통신은 LSEG 데이터를 인용해 테슬라의 12개월 선행 주가수익비율(PER)이 60배에 달하고 이는 애플, 아마존, 마이크로소프트 등보다 더 높다고 보도했다.미국 투자회사 번스타인의 토니 사코나기 애널리스트는 “테슬라는 점점 더 전통적인 자동차 회사처럼 보인다”고 로이터에 전했다.매그니피센트7 중 PER이 가장 높은 테슬라(사진=로이터통신)금융서비스업체 CMC마켓의 수석 애널리스트 마이클 휴슨은 “테슬라의 문제는 판매를 늘리려는 시도인데, 이를 위해서는 중국의 비야디(BYD)나 다른 회사들과 경쟁을 해야 한다”며 “(테슬라는) 영업이익률을 더 떨어뜨리는 대가를 치러야 (판매량 증가를) 성취할 수 있을 것""이라고 내다봤다.한경제 기자",경제,한국경제
"기재부 “성수품 평균 가격 지난해보다 3.2% 낮지만, 사과·배 비싸”","설 성수품 평균 가격이 지난해 설보다 3%가량 낮은 수준이지만, 사과와 배 가격은 지난해보다 비싼 것으로 나타났습니다.  김병환 기획재정부 1차관은 오늘(26일) 오전 서울 서초구 농협 하나로마트에서 9차 물가차관회의를 열고 성수품 공급과 가격 상황을 점검했습니다.  기재부는 19일부터 16개 성수품이 3.7만 톤이 방출됐고, 11일부터 17일까지 농·축·수산물 할인지원에 221억 원이 집행됐다고 밝혔습니다.  이 같은 할인 지원의 영향으로 설 3주 전인 19일부터 24일까지 성수품 평균 가격은 지난해 같은 기간보다 3.2% 낮은 수준이라고 현장 관계자는 설명했습니다.  품목별로 보면 소고기는 지난해보다 3.5% 값이 내려갔고, 무 21%, 달걀 11.4%, 갈치는 5.3% 하락한 것으로 조사됐습니다.  다만 사과와 배 가격은 지난해보다 16%가량 높은 수준이 이어지고 있습니다.  기재부는 이에 따라 오늘부터 일주일 동안 정부가 비축한 사과와 배 4.4만 톤을 집중 공급하고, 시중 가격보다 최대 20% 저렴한 농협 과일 선물세트 10만 개를 판매한다고 전했습니다.  또 비수도권 숙소(5만 원 이상) 예약 시 3만 원을 할인해주는 숙박쿠폰은 다음 달 7일부터 20만 장 발행한다고 밝혔습니다.[사진 출처 : 연합뉴스 / 기획재정부 제공]■ 제보하기▷ 전화 : 02-781-1234, 4444▷ 이메일 : kbs1234@kbs.co.kr▷ 카카오톡 : 'KBS제보' 검색, 채널 추가▷ 네이버, 유튜브에서 KBS뉴스를 구독해주세요!",경제,KBS
설 앞두고 과일값 잡기 '안간힘'…사과·배 4만4000t 푼다,"제9차 물가차관회의 개최정부·민간 과일 물가 잡기 위해 '안간힘'26일 정부는 설 명절을 앞두고 치솟은 사과와 배 가격을 잡기 위해 일주일간 4만4000톤을 공급하기로 했다. 지난 24일 서울 시내 한 대형마트에 사과가 진열돼 있다. 사진=뉴스1정부가 설 명절을 앞두고 사과와 배 가격을 잡기 위해 일주일간 물량을 집중 공급하기로 했다. 유통업계도 대대적인 할인 판매에 나설 예정이다.김병환 기획재정부 제1차관은 26일 오전 서울 양재동 농협 하나로마트에서 제9차 물가차관회의를 개최했다. 이날 회의엔 문화체육관광부와 농림축산식품부, 국토교통부, 해양수산부, 중소벤처기업부 관계자도 참석했다.설 명절을 2주 앞두고 열린 이날 회의에선 성수품 물가 관리 방안이 중점적으로 논의됐다.올해 기준 설 전 3주간 16개 주요 성수품 평균 가격은 전년 대비 3.2% 낮은 수준이지만, 사과와 배 가격은 지난해 작황 부진의 영향으로 각각 전년 대비 16.2%와 16.8%씩 치솟은 상태다.정부는 사과와 배 가격 안정화에 힘을 쏟을 예정이다. 정부는 이날부터 일주일간 4만4000t(일 7400t)을 집중적으로 공급하는 동시에 농협 과일 선물 세트 10만개도 시중 가격보다 15~20% 저렴한 가격에 판매하기로 했다. 명절을 2주 앞두고 몰리는 수요에 적극적으로 대응하겠다는 취지다.이날 기재부는 수입과일 관세 인하·자율관세할당(TRQ) 물량이 당초 일정보다 2~3주 앞당겨 지난 19일부터 통관을 개시했다고 밝혔다. 이날까지 들어온 물량은 약 6200t이다. 이달 말부터는 유통업계도 수입 가격 하락을 반영한 수입과일 할인기획전을 개최해 장바구니 부담을 덜 계획이다. 홈플러스는 전날부터 3월 1일까지, 이마트는 이날부터 다음 달 1일까지, 롯데마트는 다음 달 1일부터 7일까지 각각 할인전을 연다.이날 회의에선 전반적인 설 민생안정대책 추진상황도 점검됐다.지난 19일부터 이날까지 방출된 성수품은 총 3만7000t이다. 총 840억원이 배정된 농·축·수산물 할인지원액은 지난 11일부터 17일까지 1주일간 221억원이 집행됐다.5만원 이상인 비수도권 숙소를 예약할 때 3만원 할인받을 수 있는 숙박쿠폰은 참여사 선정 등의 절차를 밟고 있다. 2월 7일부터 9만장을, 2월 27일부터 추가로 11만장을 발행해 총 20만장을 배포할 계획이다.한편 이번 주 국제유가는 중동지역에서 불안한 정세가 이어지는 가운데 리비아와 노르웨이산 원유 생산 증가 소식으로 배럴당 70달러대에서 등락하고 있다. 15주 연속 내림세를 보였던 국내 휘발유 가격은 이번 주 들어 하락세가 멈췄지만, 1월 평균 가격은 ℓ당 1568원으로 전월(ℓ당 1600원) 대비 낮은 수준이다.",경제,한국경제
"한화생명, 모바일로 대면 상담…""내방 없이 업무 끝""","◆…사진=한화생명     한화생명이 모바일로 상담사와 얼굴을 보며 업무를 진행하는 '모바일 화상상담 서비스'를 개시한다고 26일 밝혔다.   한화생명은 업계 최초로 '1대다(多)' 모바일 화상상담 서비스를 제공한다. 보험계약 관계자가 다수인 보험상품 특성에 적합한 다(多)인 상담 시스템에 보험계약자와 수익자, 피보험자가 함께 접속해 필요한 보험 서비스 업무를 진행할 수 있다.   한화생명은 보험계약 관계자들이 화상상담 과정에서 전자문서 작성과 서명을 할 수 있는 시스템을 구축했다. 이를 통해 당사자들이 함께 고객센터를 방문해야 하는 불편함을 줄였다.   전자문서 작성 및 서명 시스템을 사용해 페이퍼리스(Paperless)를 통한 친환경 경영도 실천할 수 있다. 보험서비스 1건당 약 7장의 종이서류가 사용된다고 가정하면 연간 50만장 이상의 종이 절약이 가능하다. 서류 및 서명누락 방지는 물론 고객 개인정보 보안이 더욱 강화됐다.   고객은 모바일 화상상담 서비스로 보험금 청구와 보험계약대출, 계약정보 확인 및 변경, 보험료 납입 등 대부분의 업무를 처리할 수 있다.   한화생명 모바일 화상상담 서비스는 별도의 앱 설치 없이 고객에게 전송된 링크 주소를 통해 입장할 수 있다. 상담부터 본인인증, 서류제출까지 원스톱으로 진행된다.   모바일 화상상담 서비스 이용은 한화생명의 다이렉트 전화나 보이는 ARS, 콜센터 안내를 통해서 가능하다. 각 채널의 안내에 따라 링크 주소를 받아 접속할 수 있다.   최근 비대면 금융 서비스가 빠르게 확산되면서 디지털 취약계층의 금융소외 문제가 나타나고 있다. 한화생명은 누구나 쉽게 사용할 수 있는 모바일 화상상담 서비스를 통해 대면 업무를 선호하는 고령층 고객의 접근성과 편의성을 높였다.",경제,조세일보
"""무너진 기차 같다""…테슬라, 주가 12% ‘급락’(종합)","테슬라 “올해 차량 판매 현저히 낮아질 것”50% 성장 사라지고, 20%에 그칠 듯월가 잇단 목표주가 하향 조정[뉴욕=이데일리 김상윤 특파원] 올해 성장성이 약화될 것이라는 우울한 전망을 내놓은 테슬라가 12% 가까이 급락하고 있다. 일런 머스크 테슬라 최고경영자(CEO)25일(현지시간) 마켓포인트에 따르면 뉴욕증권거래소에서 테슬라 주가는 전거래일 대비 12.13% 급락한 182.63달러에 마감했다.테슬라가 올해 성장성이 약화될 것이라는 전망을 내놓으면서 매도 물량이 쏟아나오는 분위기다. 테슬라는 지난해 4분기 실적 발표를 하면서 주주 서한에서 “올해 차량 판매 증가률은 텍사스 기가팩토리에서 차세대 차량 출시를 준비하면서 지난해 달성한 차량 인도 증가율(38%) 보다 ‘현저히 낮아질 수 있다’(may be notably lower)”고 밝혔다.그러면서 연간 차량 인도량 목표를 제시하지 않았다. 매년 40~50% 성장 가이던스를 제시한 점을 고려하면 매우 이례적인 상황이다.테슬라는 지난해 4분기에 총 49만5000대 차량을 생산하고, 48만4507대를 인도했다. 이에 따라 지난해 총 차량 인도대수는 전년대비 38% 늘어난 181만대, 생산량은 35% 증가한 185만대를 기록했다. 이를 고려하면 올해 차량인도 증가율은 20%대로 뚝 떨어질 것으로 예상된다. 시장에서도 올해 차량 인도량은 작년보다 20% 증가한 220만대로 예상하고 있다.지난해 4분기 실적도 신통치 않았다. 지난해 4분기 매출이 251억7000만달러로 전년동기 대비 3% 증가했다고 발표했다. 이는 월가 예상치 256억달러를 밑돈 수치다.영업이익은 29억6400만달러로 전년동기 47% 줄었고, 주당 순이익도 71센트로 전년동기 대비 40% 줄었다. 이 역시 월가의 예상치(74센트) 보다 낮았다.영업이익률은 8.2%로 3분기(7.6%) 대비로는 소폭 향상되긴 했지만, 전년동기(16.0%) 대비 절반 수준에 그쳤다. 고금리와 인플레이션으로 차량 판매가 줄자 전 라인업에 대한 가격인하를 단행한 결과로 풀이된다. 테슬라는 “4분기 이익률 하락은 가격 인하, 연구개발(R&D;) 지출 증가, 사이버트럭 생산량 증가와 같은 기타 비용 때문이다”고 설명했다.월가의 유명 분석가인 웨드부시의 댄 이브스는 테슬라의 회계연도 4분기 실적에 대해 “무너진 기차 같다”고 혹평했다.테슬라는 그간 향후 수년간 전기차 인도량의 연평균 증가율을 50%로 제시하며 무한한 확정을 해왔다. 전세계 곳곳에 테슬라 공장인 ‘기가팩토리’를 늘리는 동시에 공장 업그레이드를 통해 생산성 혁신에 주력해왔다. 고금리에도 테슬라가 다른 완성차 업체에 비해 탄탄한 이익률을 낼 수 있었던 배경이다. 하지만 이날 실적은 ‘테슬라의 혁신’이 제동이 걸렸다는 뜻을 의미하기도 한다.특히나 고금리에 전 세계 전기차 수요가 둔화할 가운데 테슬라마저도 성장이 둔화할 것이라고 경고했던 터라 시장의 충격은 더욱 컸다.월가도 테슬라의 목표주가를 하향 조정하고 있다. 바클레이즈는 테슬라의 목표 주가를 250달러에서 225달러로 낮췄다. 골드만삭스는 테슬라에 대한 ‘중립’ 투자 등급을 유지하면서, 220달러의 목표주가를 제시했다. UBS는 테슬라에 대한 목표 주가를 225달러로 낮췄다.",경제,이데일리
테슬라 3년4개월만에 하루 최대 급락,"국내 시총 감소 30% 2차전지주증권가 “한동안 약세 우려” 분석美월가, 테슬라 비관론 힘 실어“무너진 기차 같다.”미 웨드부시증권의 댄 아이브스 분석가가 테슬라의 작년 4분기 실적 발표를 두고 ‘열차 사고(Train wreck)’에 빗대며 한 말이다. 미 월가(街) 내 대표적인 ‘테슬라 강세론자’까지 가혹한 평가를 내놓은 테슬라에 대한 미 월가 전문가들의 경고가 쏟아지고 있다. 주가는 불과 하루 만에 12% 넘게 폭락했다. 전방산업인 전기차 시장의 ‘글로벌 대장주’가 극도의 부진을 보이며 올 들어 부진의 늪에서 벗어나지 못하고 있는 국내 증시 대표 2차전지주(株)에 드리운 먹구름도 더 짙어질 수 있다는 우려가 커진다.▶테슬라 주가, 8개월 만 최저=25일(현지시간) 미 뉴욕증시에서 테슬라 주가는 전 거래일 대비 12.13%(25.20달러) 폭락한 182.63달러를 기록했다. 종가 기준으로 이날 주가는 지난해 5월 23일 기록한 185.77달러 이후 8개월 만에 최저 수준이다. ‘이백슬라(테슬라 주가 200달러 이상)’ 고지에서도 지난해 10월 30일(197.36달러) 이후 3개월 만에 내려왔다. 이날 기록한 일간 낙폭은 지난 2020년 9월 기록했던 -21% 이후 최대치다. 테슬라 주가가 폭락한 요인은 바로 테슬라의 ‘과거(실적)’와 ‘미래(성장성)’ 모두에 대해 시장의 물음표가 달렸기 때문이다.24일(현지시간) 테슬라가 발표한 지난해 4분기 실적 보고서에 따르면 매출은 251억6700만달러(약 33조5224억원), 주당순이익(EPS)은 0.71달러(약 946원)를 기록했다. 금융정보업체 LSEG가 집계한 미 월가 애널리스트들의 평균 예상치 매출 256억달러(약 34조1000억원), 주당순이익 0.74달러(약 986원)를 모두 하회한 것이다. 작년 4분기 영업이익률은 8.2%로, 전년 동기(16.0%) 대비 반토막 수준에 불과했다.▶서학개미, 올 들어 ‘저가매수’, 美 월가선 비관론 무게=테슬라의 향방에 국내 투자자의 관심이 쏠리는 이유는 ‘서학개미’의 독보적인 ‘원픽’이기 때문이다.한국예탁결제원 증권정보포털 세이브로(SEIBro)에 따르면 지난 24일 기준 해외 주식 보관액 1위 종목은 113억3606만달러(약 15조1450억원)를 기록한 테슬라였다. 올 들어 해외 주식 종목별 순매수액 순위에서도 테슬라는 1억5042만달러(약 2010억원)로 마이크로소프트(2억4377만달러, 약 3257억원)에 이어 2위를 기록 중이다.국내 증권가에선 단기적으론 테슬라 주가가 어려움을 겪을 수 있지만, 중장기적 성장성에 대한 기대감은 여전하다는 평가를 내놓는다.반면, 미 월가에선 테슬라 주가에 대한 비관론에 힘을 실고 있다.아이브스 분석가는 “머스크와 다른 임원진이 나서 테슬라 재무 구조에 대한 책임 있는 답변을 내놓을 것으로 기대했지만 이는 우리가 틀렸다”면서 테슬라의 목표주가는 기존 대비 10% 하향한 315달러로 제시했다.다만 여전히 매수 의견도 확인된다. 자산운용사 퀼터 체비엇의 벤 바링거 분석가는 향후 기준금리 인하 등 거시환경이 테슬라에게 점점 유리하게 작용할 수 있다고 내다봤다.▶올해 코스피·코스닥 시총 감소액 30% 이상은 2차전지 대형주 몫=문제는 테슬라로 시작된 미국발(發) 된서리에 K-2차전지주가 직격탄을 맞을 수 있다는 점이다. 테슬라 실적 쇼크 소식에 전날 국내 증시에서 주요 2차전지주는 LG에너지솔루션과 삼성SDI가 ‘52주 신저가’를 경신하는 등 일제히 약세를 보였다.전기차 시장 둔화 우려 탓에 올 들어 약세를 보이고 있는 주요 대형 2차전지주 주가에 테슬라 리스크까지 작용하면서 국내 증시 전체에도 하방 압력이 가해지고 있다는 지적도 나온다.한국거래소에 따르면 올 들어(1월 2~25일) 감소한 코스피·코스닥 시총의 37.38%, 31.33%를 코스피·코스닥 시장별 시총 상위 10개(LG에너지솔루션·포스코홀딩스·LG화학·삼성SDI·포스코퓨처엠·SK이노베이션·에코프로머티·포스코인터내셔널·SK아이이테크놀로지·금양), 3개(에코프로비엠·에코프로·엘앤에프) 종목의 시총 감소액이 차지한 것으로 나타났다.올 들어 코스피, 코스닥 지수는 각각 6.96%, 4.94% 하락했다. 증권가에선 국내 주요 2차전지주의 작년 4분기 실적 시즌이 본격화하는 만큼 주가는 한동안 약세를 면하기 힘들 것이란 분석이 나온다.신동윤 기자",경제,헤럴드경제
"인텔, 1분기 실적 부진 전망에 주가 시간외 10% 급락","인텔 “1분기 매출 122억∼132억달러 전망”월가 매출 전망치 141억5000만달러 크게 하회작년 4분기 실적은 시장예상 웃돌아... PC 사업 회복세 FILE PHOTO: The logo for the Intel Corporation is seen on a sign outside the Fab 42 microprocessor manufacturing site in Chandler, Arizona, U.S., October 2, 2020. REUTERS/Nathan Frandino//File Photo/2024-01-26 07:00:30/<저작권자 ⓒ 1980-2024 ㈜연합뉴스. 무단 전재 재배포 금지, AI 학습 및 활용 금지>        미국 반도체 기업 인텔이 올 1분기 시장 예상치에 크게 못 미치는 실적을 낼 것이란 전망이 나오면서 주가가 큰 폭으로 하락했다.인텔은 25일(현지시각) 올해 1분기 매출이 122억∼132억달러(17조6668억원)에 준하고 주당 순이익은 0.13달러(174원) 수준일 것으로 내다봤다. 이는 LSEG가 집계한 월가 전망치 매출 141억5000만달러와 주당 순이익 0.33달러를 크게 하회하는 수치다. 이에 인텔 주가는 이날 장 마감 후 시간 외 거래에서 10% 이상 급락했다.이날 팻 겔싱어 최고경영자(CEO)는 실적발표 컨퍼런스콜에서 “핵심 사업인 PC와 서버 부문이 비핵심 사업과 함께 계절적 수요 감소에 직면하고 있다”고 했다. 그러면서 “핵심 비즈니스는 건강하고, 제품은 더욱 강력해지고 있다”며 “올 한 해 동안 매 분기 실적이 전년 동기 대비 개선될 것”이라고 말했다.겔싱어 CEO는 2021년 취임 이후 파운드리 사업과 미국 내 생산을 강화하고 있으며, 최근에는 ‘모든 곳에 있는 AI(AI Everywhere)’를 기치로 내걸고 AI 반도체 사업도 강화하고 있다. 인텔은 “현재 20억 달러 상당의 AI 칩 주문을 확보했으며, 올해 말에는 더 나은 매출을 기대하고 있다”고 했다.인텔은 지난해 4분기(10∼12월)에 매출은 154억달러(20조5744억원), 조정된 주당순이익은 0.54달러(721원)를 기록했다고 밝혔다. 매출은 전년 같은 기간에 비해 10% 증가해, 7분기 연속 감소 흐름을 끊어냈다. 순이익은 26억 달러를 기록하며 77억 순손실에서 흑자로 전환했다.노트북과 PC 프로세서 칩을 포함하는 클라이언트 컴퓨팅 부문 매출은 33% 증가한 88억 달러를 기록하며 PC 산업이 2년 동안 침체에서 벗어날 조짐을 보였다. 서버 중앙처리장치(CPU)와 그래픽처리장치(GPU)를 포함하는 데이터센터와 AI 부문 매출은 10% 감소한 40억 달러로 집계됐다. 파운드리(반도체 위탁생산) 부문은 63% 증가한 2억9100만 달러의 매출을 올렸다.",경제,조선비즈
"오리온, 베트남 농생물연구소와 맞손…“감자 신품종 개발”","10년간 씨감자·원료감자 생산 협력박세열(왼쪽부터) 베트남 법인 대표이사, 팜 반 끄엉 베트남국립농업대학교 부총장, 응우옌 쑤언 쯔엉 베트남국립농업대학교 농생물연구소장이 업무 협약 후 기념사진을 촬영하고 있다. [오리온 제공][헤럴드경제=전새날 기자] 오리온이 베트남 법인이 베트남국립농업대학교 산하 농생물연구소와 전략적 업무협약을 체결했다고 26일 밝혔다.양측은 향후 10년간 씨감자 및 원료감자의 생산과 개발, 공급, 품질관리 등의 업무를 수행하는 내용의 전략적 협력관계를 맺기로 했다. 베트남 환경에 적합하고 품질과 생산성이 좋은 신품종 개발에 주력하는 것이 골자다.오리온은 2008년부터 베트남 현지 농가와 계약재배 방식을 통해 안정적인 소득을 보장하고, 소비자에게 고품질의 감자스낵을 제공하고 있다. 특히 ‘오스타(O’Star, 한국명 포카칩)’는 베트남 생감자 스낵 시장 점유율 1위를 차지하고 있다.2016년부터 사회공헌 활동의 일환으로 감자 농가의 생산성을 향상시켜 소득 증대를 돕는 ‘베트남 고향감자 지원 프로젝트’를 지속해 왔다. 지난 8년간 농가와 베트남국립농업대학교에 총 13억원(253억 동) 상당을 지원하기도 했다.한편 오리온은 지난 2006년 호치민에 첫 현지 생산시설을 설립하며 베트남 진출을 본격화했다. 2009년에는 하노이에 제2공장을 가동했다. 2022년 베트남 법인 최초로 연 매출 4000억원을 돌파했다.오리온 관계자는 “맛있고 품질 좋은 제품을 소비자에 제공하고, 지역 사회에 기여하기 위한 노력을 지속할 것”이라고 말했다.",경제,헤럴드경제
"""귀성 전 차량 무상점검 하세요"" 현대차·기아, 설 특별 무상점검 서비스","현대차·기아 양재 사옥현대자동차(제네시스 포함)와 기아가 2월 6일부터 8일까지 3일간 전국 서비스 거점에서 '설 특별 무상 점검 서비스'를 실시한다.설 연휴 귀성길 장거리 운행에 앞서 차량의 주요 부품 및 기능을 점검해 각종 사고를 미연에 방지하고 고객의 안전한 귀성길을 돕는다는 취지다. 점검 항목은 오일류·공조장치·타이어 마모도 및 공기압·브레이크·각종 등화 장치 점등 상태 등이다. 워셔액 보충 서비스도 제공한다. 전기차는 EV 냉각수 및 고전압 배터리 등도 추가 점검 대상이다.이용을 원하는 고객은 31일부터 2월 2일(금)까지 각 사 통합 고객 서비스 애플리케이션에서 무상 점검 쿠폰을 다운로드해야 한다.이후 현대차 고객은 전국에 위치한 블루핸즈, 기아 고객은 직영 서비스센터 및 오토큐를 방문해 무상 점검 쿠폰을 제시한 후 차량 검사를 받으면 된다.",경제,TV조선
"DGB금융그룹, 대구 스타트업 지원 강화..'투자 파트너링 데이' 개최","DGB금융그룹의 대구스케일업허브에서 진행된 ‘2024 대구 블루밍 스타트업 투자 파트너링 데이’에서 스타트업 관계자들이 기념 촬영하고 있다. 사진=DGB금융그룹 제공.[파이낸셜뉴스]DGB금융그룹이 25일 대구스케일업허브에서 ‘2024 대구 블루밍 스타트업 투자 파트너링 데이’를 열고 유망 스타트업 본격 지원에 나섰다.   이날 DGB 금융그룹에 따르면 이번 행사는 DGB금융그룹 스타트업 육성 프로그램 ‘DGB피움랩’ 소속 스타트업과 대구지역 유망 스타트업의 생태계를 활성화하고 투자 기회를 모색하기 위해 마련됐다.   DGB금융그룹과 대구지역 스타트업 유관기관인 대구창조경제혁신센터, 경북대학교 기술지주, 대구경북과학기술원와 이번 행사를 위해 힘을 모았다.   스타트업 15개사와 대구·경북지역 벤처캐피탈 10개 사와의 일대일 투자 미팅이 이뤄졌다. DGB금융그룹은 이번 행사를 통해 대구지역 스타트업 보육기관과의 협력을 강화하고, 지역 스타트업 투자유치 지원을 통해 지역 스타트업 생태계에 활력을 불어넣을 것으로 기대하고 있다.   김태오 DGB금융그룹 회장은 “이번 행사를 성공적으로 개최할 수 있었던 것은 미래 가치가 있는 스타트업이 적극적으로 참여했기 때문“이라며 ”앞으로도 ‘DGB피움랩’을 통해 다방면에서 스타트업을 지원하고, 대구지역 스타트업 보육기관과의 협력을 강화해 나가겠다”라고 말했다.",경제,파이낸셜뉴스
"‘17년만에 직선제’ 농협회장선거, '강호동·조덕현' 후보 결선 투표","[헤럴드경제=배문숙 기자]농협중앙회장 선거 1차 투표에서 과반 득표자가 나오지 않아 1·2위를 차지한 강호동 율곡농협조합장과 조덕현 동천안농협조합장이 결선에서 맞붙게 됐다.25일 농협중앙회에 따르면 이날 중구 농협중앙회 대강당에서 진행된 제25대 회장 선거 1차 투표에서 강 조합장과 조 조합장이 각각 1·2위를 차지했다.농협중앙회장 선거 1차 투표에서 과반을 얻으면 당선되지만, 과반 득표자가 없으면 1·2위 후보자를 대상으로 결선 투표가 진행된다. 이번 선거는 17년 만에 조합장 1111명이 직접 투표에 참여하는 직선제로 진행됐다.농협중앙회장 선거는 1990년 민선(民選)이 도입되면서 직선제로 치러지다가 도중에 대의원 간선제로 바뀌었고, 2021년 농협법 개정으로 다시 전체 조합장이 참여하는 직선제로 돌아가게 됐다.또 이번에 '부가의결권' 제도가 도입돼 조합원 수 3000명 미만 조합은 한 표를, 조합원 수 3000명 이상 조합은 두 표를 각각 행사해 표수는 1252표다.",경제,헤럴드경제
자사주 15주·200만 원 격려금...'깜짝 실적' SK하이닉스 직원들 선물 받는다,"지난해 4분기 예상 넘은 영업이익 3,400억 원""D램은 상반기‧낸드는 하반기 재고 정상 될 것""""올해 연 매출 사상 첫 50조원 넘을 것으로 예상""경기 이천시 SK하이닉스 본사 모습. 이천=연합뉴스SK하이닉스가 지난해 4분기(10~12월) 영업이익 3,460억 원을 기록하며 2022년 4분기 이후 5분기 만에 흑자 전환에 성공했다. 메모리 반도체 감산 효과가 본격 나타나면서 가격이 조금씩 회복되고 고성능 반도체 수요가 늘어난 영향으로 풀이된다. 증권가는 SK하이닉스의 올해 영업이익이 10조 원에 달할 것이라는 전망을 내놨다.SK하이닉스는 2023년 4분기 매출 11조3,055억 원, 영업이익률 3%(연결 기준)를 냈다고 25일 공시했다. 시장의 기대를 뛰어넘는 깜짝 실적이다. 금융정보업체 에프앤가이드의 SK하이닉스 4분기 영업이익 컨센서스(증권사 전망치 평균)는 515억 원 적자였다. 다만 지난해 9월까지 쌓인 영업손실로 인해 2023년 한 해 실적은 매출 32조7,657억 원, 영업손실 7조7,303억 원으로 2022년과 비교해 적자로 돌아섰다.고성능 메모리반도체 제품을 중심으로 시장 수요가 증가한 영향을 받았다. SK하이닉스는 핵심 제품인 고대역폭메모리(HBM)와 더블데이트레이트(DDR)5의 매출이 전년 대비 4, 5배 늘었다고 밝혔다. 그 결과 4분기 D램 매출은 3분기(7~9월) 대비 1조 원 이상 늘어난 7조3,485억 원이었다. 증권가는 D램 영업이익을 1조7,400억 원대로 추정했다. 반면 낸드플래시는 전 분기 대비 매출이 늘었지만(2조4,478억 원→3조2,786억 원) 상대적으로 업황 반등이 늦어지면서 1조5,300억 원대의 영업적자를 냈을 것으로 증권가는 보고 있다.김우현 SK하이닉스 최고재무책임자(CFO) 부사장은 이날 열린 콘퍼런스콜에서 ""올해 D램과 낸드 수요 증가율은 각각 10% 중후반이지만 생산 증가율은 한 자릿수에 그칠 것""이라며 ""D램은 올해 상반기 중 낸드는 하반기 중에 (재고가) 정상 수준으로 도달할 것""이라고 예상했다. 반도체 업황이 되살아나고 있지만 ""확보된 고객 수요""에만 투자하는 보수적 기조는 유지한다고 덧붙였다. SK하이닉스는 ""과거처럼 투자 증가가 공급 과잉으로 이어지는 사이클이 되지 않도록 할 생각""이라며 ""앞으로 물량 중심보다는 고부가가치 중심 매출을 우선시하고 수익성과 점유율을 키우는 데 무게 중심을 두겠다""고 강조했다. 차세대 반도체 HBM3E 상반기에 공급 시작자료: 금융감독원 전자공시 시스템. 그래픽 박구원 기자차세대 HBM 제품인 HBM3E는 올해 상반기 공급을 시작할 예정이다. 지난해 4분기 엔비디아 등 고객사에 HBM3E 샘플을 보내 검증 절차를 진행 중이다. 김규현 SK하이닉스 D램 마케팅담당은 HBM 공급 과잉 우려를 두고 ""HBM은 고객과 최소 1년 이상 사전 협의, 계약을 통해 생산을 결정하는 수주형 성격을 지닌다""며 인공지능(AI) 성장이 이어진다면 공급 과잉 우려는 없을 것이라고 잘라 말했다.업계에서는 올해 SK하이닉스의 연 매출이 사상 첫 50조 원을 넘을 것으로 예상하고 있다. 에프앤가이드가 발표한 SK하이닉스의 올해 영업이익 컨센서스는 9조2,000억 원 수준이다. 실적 발표 후 DS 투자증권은 영업이익을 10조6,000억 원으로 내다봤다.깜짝 실적에 SK하이닉스는 이날 ""어려운 경영 환경을 극복하고 큰 폭의 기업 가치 상승을 이끈 구성원에게 자사주 15주와 격려금 200만 원을 지급한다""고 공지했다. 격려금은 29일, 자사주는 다음 달 말 지급될 예정이다.  생산성 격려금(PI)으로 기본급의 50%도 26일 지급된다. PI는 반기별로 회사가 목표로 했던 생산량을 달성했을 때 지급하는 인센티브로 SK하이닉스는 최근 영업이익률 수준에 따라 PI를 차등 지급하기로 기준을 바꿨다.",경제,한국일보
[컨콜] LG엔솔 “올해 전기차 시장 주춤… 성장은 이어갈 것”(종합),"LG에너지솔루션은 올해 전기차 시장 성장세 둔화가 예상되지만, 기존 투자 계획을 유지하면서 안정적인 성장을 이어나갈 것이라고 밝혔다.LG에너지솔루션은 26일 열린 지난해 4분기 실적발표 컨퍼런스콜에서 “올해 전기차 수요는 20%대 중반의 성장률을 보일 것”이라며 “연간 성장률이 30%를 넘었던 과거보다는 일시적으로 둔화할 것으로 예상한다”며 이같이 밝혔다.다만 “북미 지역의 성장률은 타지역 대비 높을 것으로 보인다”며 “2024년 북미 지역 전기차 보급률은 10% 중반대에 달할 것으로 기대한다”고 덧붙였다.LG에너지솔루션 폴란드 공장. /LG에너지솔루션 제공        올해 상반기 실적은 1분기에 매출 감소가 예상되지만, 2분기부터 회복할 것으로 전망했다. 회사는 “배터리 주 원재료인 수산화리튬 가격이 고점 대비 80%가량 하락한 상태로, 올해 상반기까지 배터리와 양극재 가격도 영향권을 벗어나진 못할 것”이라고 설명했다.다만 “OEM들의 적극적인 가격 인하와 보급형 모델 출시로 소비자들의 심리 개선에는 긍정적 영향이 있을 것”이라며 “메탈 가격 하락세 역시 과거 대비 전기차 가격 부담을 완화하는 요인이 될 것”이라고 덧붙였다.올해 1분기 실적에 대해서는 “배터리 수요 약세와 리튬 등 주요 메탈 가격 하락 영향으로 직전 분기 대비 매출은 다소 하락이 예상된다”고 밝혔다. 이어 “올해부터 미국에서 전기차 구매 시점에 인플레이션감축법(IRA) 보조금 혜택이 제공되고 있고, 상반기 중 고객사의 본격적인 신규 차량 라인업이 예정된 만큼 상대적으로 양호한 북미 전기차 수요에 적극 대응해 2분기부터 점진적 회복이 가능할 것으로 전망된다”고 덧붙였다.최근 급변하는 미국 내 정치 상황에 따른 리스크와 관련해선 “미국 대선에 따라 일시적인 영향이 있을 수 있지만, 중장기적으로 탄소 중립 필요성과 전기차 확산 기조에는 변함이 없을 것”이라고 설명했다.LG에너지솔루션 북미 생산공장 현황. /LG에너지솔루션 제공        기존 예정됐던 투자 방향성은 유지하겠다고 밝혔다. LG에너지솔루션은 “올해 신규 양산이 시작되는 프로젝트는 GM과의 합작법인 2공장, 현대차 인도네시아 합작공장이 있다”며 “이들 공장은 일정대로 진행해서 안정적 양산을 준비하고 있다”고 밝혔다. 이어 “2025년 이후에는 GM과의 합작법인 3공장, 혼다 합작공장, 현대차 북미 합작공장 등이 있다”며 “이들 공장 역시 변함없이 계획대로 투자를 진행할 예정”이라고 설명했다.다만 회사는 “시장 상황 변화와 고객사의 생산 계획 조절에 따라 투자 계획을 조정할 수 있다”며 “속도 조절이 필요하면 유연하고 능동적으로 대응할 것”이라고 말했다.원통형 배터리 시장에 대해선 긍정적인 시각을 밝혔다. 회사는 “중국 시장이 상대적으로 높은 전기차 보급률을 보이고 있고, 업체 간 경쟁도 심화하고 있다”며 “원통형 배터리 수요에 대한 리스크가 있는 것은 사실”이라고 설명했다.다만 “당사의 주요 고객사들은 상대적으로 견조한 성장세를 보이고 있고, 지난해에도 영향이 크지 않았다”며 “올해 하반기 46파이 원통형 배터리 시제품의 생산을 앞두고 있고, 타 글로벌 업체들의 원통형 탑재 수요도 확대되고 있어 올해 원통형 전체 물량은 지난해와 비교해 확대될 것”이라고 밝혔다.LG에너지솔루션의 원통형 배터리. /LG에너지솔루션 제공        올해 ESS(에너지저장 장치) 시장은 30% 이상의 높은 성장률을 예고했다. 회사는 “IRA로 인해 북미 지역 내 전력망 수요가 높아지고 있다”며 “북미를 중심으로 매출 및 수익성을 향상해 나갈 것”이라고 밝혔다.지난해 LG에너지솔루션의 누적 매출은 33조7455억원, 영업이익은 2조1632억원으로 집계됐다. 전년 대비 매출은 31.8%, 영업이익은 78.2% 증가했다.지난해 4분기만 놓고 보면 매출 8조14억원, 영업이익 3382억원을 기록했다. 전년 동기 대비 매출은 6.3% 줄었으나, 영업이익은 42.5% 증가했다. 4분기 영업이익에는 미국 IRA(인플레이션 감축법) AMPC(첨단제조생산세액공제) 제도에 따른 혜택 2501억원이 포함됐다. 이를 제외한 영업이익은 881억원이다.",경제,조선비즈
"SK하이닉스, 올해 영업익 10조 간다…목표가↑-KB","목표가 16만→18만 '상향'KB증권은 26일 SK하이닉스에 대해 올해 DRAM, NAND 등 전방 수요 증가로 10조 이상의 영업이익이 발생할 것이라 판단했다. 목표 주가는 16만원에서 18만원으로 올렸고, 투자의견 '매수'를 유지했다.KB증권은 26일 SK하이닉스에 대해 올해 DRAM, NAND 등 전방 수요 증가로 10조 이상의 영업이익이 발생할 것이라 판단했다. [사진=뉴시스]KB증권은 SK하이닉스의 2024년 매출과 영업이익을 각각 54조5000억원과 10조4000억원으로 전망했다.김동원 KB증권 연구원은 ""올해 SK하이닉스의 DRAM, NAND 출하량은 각각 16%씩 증가할 것으로 보인다""며 ""각각 수요가 공급을 4%, 6%씩 초과할 것""이라고 말했다.이어 ""특히 온디바이스 AI 확산은 중장기 메모리 수요를 2배 증가시킬 것으로 보이고, HBM 공급 부족이 지속된다는 점에서 SK하이닉스의 2024년 영업이익이 10조원에 안착할 것이다""라고 전망했다.김 연구원은 SK하이닉스의 매출이 1분기 10조9000억원에서 4분기 16조2000억원으로 증가할 것이라 예상했다.그는 ""1분기의 DRAM 출하 감소는 재고 소진보다는 수익성 개선을 위한 전략적인 공급 축소 전략""이라며 ""상반기 스마트폰과 PC 제조사의 메모리 재고 축적 이후, 북미 CSP의 하반기 메모리 수요 증가가 전망된다""고 설명했다.",경제,아이뉴스24
"""무너진 기차 같다"" 테슬라, 성장 우려에 주가 12%대 폭락(종합)","""무너진 기차 같다."" 전기차 수요 둔화 우려 속에 기대 이하의 실적을 발표한 테슬라를 둘러싸고 월가의 경고가 쏟아지고 있다. 투자자들의 실망감 속에 테슬라의 주가는 하루 새 두 자릿수 폭락했다. 25일(현지시간) 뉴욕증시에서 테슬라의 주가는 전장 대비 12.13% 떨어진 주당 182.63달러에 거래를 마감했다. 2020년 9월 21% 급락한 이후 최악의 낙폭이다.이러한 하락세는 전날 장 마감 후 공개한 분기 실적과 향후 실적 가이던스가 시장 기대에 미치지 못한데다, 회사 측에서도 ""2024년 판매 성장률이 눈에 띄게 낮아질 수 있다""고 비관적 전망을 재확인한 탓으로 분석된다. 테슬라의 주가는 올 들어서만 이미 26% 이상 내려앉은 상태다.[이미지출처=AP연합뉴스]특히 월가에서는 부진한 실적, 반토막 난 영업이익률 외에도 일론 머스크 최고경영자(CEO)가 연간 인도량 등 성장 목표를 구체적으로 제시하지 않았다는 점에 주목하며 강한 우려를 내비치고 있다. 작년까지 수년간 연평균 성장률 50%를 제시했던 테슬라가 연간 인도량 목표치를 공개하지 않았던 것 자체가 이례적이라는 평가다.대표적인 테슬라 강세론자인 댄 아이브스 웨드부시 분석가는 전날 테슬라의 실적 발표를 ""열차 사고(Train wreck)""에 빗댔다. 그는 머스크 CEO를 비롯한 경영진들이 최근 전기차 수요 둔화 전망, 가격 인하와 이에 따른 순익 구조 등에 대한 책임 있는 답변을 내놓을 것으로 기대했으나 ""우리가 틀렸다""면서 ""무너진 기차 같다""고 평가했다.또 아이브스 분석가는 향후 가격 인하 조치가 이어지면서 테슬라의 마진이 더 낮아질 것으로 내다봤다. 이에 따른 테슬라의 12개월 목표주가 역시 기존 350달러에서 315달러로 낮췄다. 전반적인 전기차 수요 둔화 우려에도 불구하고 테슬라의 수요는 탄탄하다고 낙관적 전망을 내비쳤던 이달 초와 대조적인 모습이다.바클레이즈 역시 테슬라의 목표 주가를 주당 225달러로 약 10% 낮췄다. 이 회사는 이날 공개한 투자 메모에서 ""걱정만큼 나쁘지는 않다""면서도 ""하방 위험이 강화되고 있다""고 우려했다. UBS 역시 225달러로 목표 주가를 하향하는 한편, ""투자자들이 테슬라를 추가 매수할 이유가 거의 없다""고 관망세를 권고했다. 로열뱅크오브캐나다(RBC)는 주당 300달러에서 297달러로 목표주가를 낮췄다. 골드만삭스는 단기적 역풍 가능성을 우려하면서 주당 220달러의 목표주가를 제시했다.현재 월가가 제시한 12개월 목표주가 중간값은 주당 225달러로 파악된다. 주요 외신들은 최소 9곳의 기관이 테슬라에 대한 투자 의견을 하향 조정했다고 보도했다. 현재 테슬라의 주가가 12개월 이익 추정치 대비 60배 수준이라는 점 역시 추가 상승 여력에 걸림돌이 되는 요소로 꼽힌다. TD 카우언은 ""테슬라의 소식은 ‘나쁘다’에서 ‘더 나쁘다’로 변했다""고 진단했다.다만 여전히 매수 의견도 확인된다. 모건스탠리는 목표주가 345달러와 함께 ‘매수’ 의견을 유지했다. 자산운용사 퀼터 체비엇의 벤 바링거 분석가는 ""향후 기준금리 인하 등 거시환경이 테슬라에게 점점 유리하게 작용할 수 있다""고 내다봤다.한편 이날 뉴욕증시는 주요 기술주인 테슬라의 급락에도 불구하고 강한 경제성장률에 힘입은 연착륙(Soft landing) 전망이 강화하면서 일제히 상승 마감했다. 대형주 중심의 S&P500;지수는 6거래일 연속 랠리를 이어가며 사상 최고치를 또 경신했다. 다우존스30산업평균지수는 0.64%, 나스닥지수는 0.18% 올랐다. 이날 오전 공개된 미국의 작년 4분기 성장률은 탄탄한 소비를 기반으로 시장 예상치를 웃돌았다. 상무부에 따르면 4분기 국내총생산(GDP) 증가율은 연율 3.3%로 집계됐다.",경제,아시아경제
올 연말 2035 NDC나온다…고효율·친환경 전기차엔 보조금 '더',"환경부, 2024년 주요업무 추진계획 발표정부가 이르면 올해 말 2035 국가온실가스 감축목표(NDC) 윤곽을 공개한다. 2015년 파리협정에 따라 설정한 NDC는 2050년 탄소중립까지 온실가스 감축경로를 설정한 것으로 전환(에너지)과 산업 등 부문별 감축목표를 설정한다. 정부는 주요 탄소배출 산업인 발전업계는 물론 철강, 화학 등 산업계에 미치는 영향이 큰 만큼 과학과 기술에 기반한 감축목표를 세우고 각계 의견을 수렴한다는 방침이다.환경부는 26일 차기인 2035 NDC 수립 추진을 포함한 '2024년 주요업무 추진계획'을 발표했다. 환경부는 '민생과 함께하는 환경복지, 미래로 나아가는 녹색강국'을 비전으로 짠 올해 업무계획을 짜고 △안전 △성장 △환경서비스 등 3대 핵심과제를 설정했다.주요 내용을 살펴보면 환경부는 우선 유엔(UN) 기후변화협약에 따라 2025년 제출 예정인 차기 NDC 수립에 착수한다. 과학과 기술에 기반, 실행가능한 온실가스감축목표를 추진하는 한편 산업계와 시민사회 등 각계의 의견을 모으기로 했다. 경제 주체가 납득할 수 있는 합리적 감축 수단을 도출하고 검증하겠다는 게 환경부의 설명이다.한화진 환경부 장관은 전날 서울 세종로 정부서울청사에서 브리핑을 열고 ""파리협정에 따른 (NDC목표의) 후퇴금지 원칙에 따라 관계부처 협의체 기술작업반을 구성·운영할 계획""이라며 ""전환·산업 등 부문별 감축목표 수단에 대해 외부 전문가 검증 비중을 올려 객관성을 더 높일 것""이라고 밝혔다. 이어 ""2025년까지 NDC를 제출해야하기 때문에 올해 작업을 시작할 것""이라며 ""(초안 등을) 공개할 수 있는 시기는 올해 말 정도가 되지 않을까 싶다""고 설명했다.환경부는 지난해 물관리 정책 기조를 4대강 보(湺) 정상화와 과학적인 활용 등 적극적인 인프라 구축으로 전환한 데 이어 올해 신규 댐 10개소를 건설을 추진하기로 했다. 서울 강남과 광화문에 대심도 빗물터널과 도림천 지하방수로를 만들어 여름철 물난리에 대응하고 4대강 보를 물그릇으로 활용해 가뭄철 부족한 용수를 공급한다.경기 용인 등 세계 최대규모로 조성하는 반도체 메가 클러스터(산업단지) 등에 대한 공업용수 공급도 주요과제로 담았다. 용인 반도체 산단엔 팔당댐의 용수를 하루 8만톤(t)씩 공급하고 부족한 물은 하천재이용수와 화천댐 발전용수를 쓴다. 포항 이차전지 산단에도 이차전지업종 공업용수를 우선 공급하고 추가 공업용수 확보를 위한 정수장 증설, 가압장신설 같은 2차 사업을 추진한다.올해 누적기준 90만대 목표인 무공해차 보급을 위해 고성능 전기·수소차에 대해선 보조금을 더 지급하는 차등구조를 강화한다. 환경부는 주행거리 전력효율이 좋은 전기차에 보조금을 더 지급하고 사용 후 배터리의 재사용·재활용이 쉬운 소재에 대해서도 가점을 줄 방침이다.한 장관은 ""배터리 효율과 친환경성, 성능 등을 반영해 보조금 체계를 개편하려고 한다""며 ""현재 이해관계자의 의견을 수렴 중으로 협의를 마치면 행정예고를 통해 지침을 시행한다""고 말했다. 환경부는 이밖에 △고부가가치 자원 재활용 확대와 순환경제 조성 △4조7000억원 규모 녹색투자 및 임기내 30조원 달성 △녹색 수출 22조원 달성 △국제수준으로의 환경규제 개선 △국민 체감 강화를 위한 환경개혁TF(태스크포스) 설치·운영 등 올해 주요 업무계획과 목표를 설정했다. 한 장관은 ""지난해 기업·전문과·시민사회 등 이해관계자와의 소통과 협력으로 화학물질 합리화를 이뤄낼 수 있었다""며 올해 새로운 현안 해결을 위해 장관 직속 환경개혁TF를 만들어 부처간 협업과제, 개혁과제를 적극 발굴하고 정비할 것""이라고 밝혔다.",경제,머니투데이
"GM총괄부사장 방한…""한국 공장서 만든 차들 매우 중요""","트레일블레이저, 트랙스 크로스오버 생산 부평·창원공장 찾아GM한국사업장을 방문한 제럴드 존슨 GM 글로벌 생산 부문 총괄부사장. 사진제공=한국GM""트랙스 크로스오버와 트레일블레이저가 수익성 있는 내연기관 포트폴리오의 성장에 중요한 역할을 수행하고 있다.""한국GM(GM 한국사업장)은 지난 24~25일 GM부평공장과 창원공장을 방문한 제럴드 존슨 GM 글로벌 생산 부문 총괄부사장이 ""GM 한국사업장에서 생산하고 있는 이들 전략 제품에 대한 글로벌 수요는 굳건하다""면서 이같이 말했다고 밝혔다.존슨 총괄부사장의 이번 방한은 올해 첫 해외 사업장 방문이다. 한국사업장의 중요성을 강조하고 글로벌 성공을 일궈낸 GM 한국사업장 임직원들을 격려하는 차원이다. 그는 ""차질 없는 생산과 공급을 담당하고 있는 모든 한국팀의 헌신에 감사하다""며 철저한 품질 관리를 당부했다.헥터 비자레알 한국GM 사장은 ""트레일블레이저와 트랙스 크로스오버는 지난해 한국 승용차 수출 시장에서 누적 1위와 4위를 차지하는 등 한국사업장뿐 아니라 대한민국 경제와 자동차 산업 발전에도 크게 기여하고 있다""고 말했다.이어 ""지난해에 이어 올해도 연간 50만 대 규모의 생산 역량을 최대한 가동해 폭발적인 글로벌 수요에 차질 없이 대응할 것""이라며 ""이를 통해 한국 비즈니스의 지속 가능성을 한층 강화할 계획""이라고 덧붙였다.한국GM 창원공장, 트랙스크로스오버 생산라인. 사진제공=한국GM한국GM은 지난해 완성차 기준 총 46만8059대를 팔아 전년 대비 76.6% 증가했다. 2017년 이후 최대 연간 판매량이다. GM은 올해도 연간 50만 대 규모의 생산 역량을 최대한 가동, 글로벌 소형 크로스오버·스포츠유틸리티차량(SUV) 세그먼트에서의 입지를 다진다는 계획이다.",경제,한국경제
4차 뉴:홈 사전청약 경쟁률 19.6대 1…이번에도 2~30대 관심 높았다,"무주택 서민 등에게 공공주택을 공급하는 뉴:홈 4차 사전청약이 평균 19.6대 1로 마감됐습니다. 국토교통부는 오늘(25일) 낸 보도자료에서 뉴:홈 4차 사전청약으로 진행한 서울 위례, 서울 대방, 고양 창릉 등 4천 7백여 호의 청약접수에 9만 3천여 명이 신청해 평균 경쟁률이 19.6대 1로 집계됐다고 밝혔습니다. 이 가운데 서울 위례의 경쟁률이 65.1대 1로 가장 많았고, 공급 물량 가운데 59㎡ 일반공급은 159.8대 1의 높은 경쟁률을 보였습니다. 또 고양창릉은 40.1, 서울 마곡은 30.7대 1의 경쟁률로 마감됐습니다. 신청자들을 연령별로 살펴보면 20대가 22.7%, 30대가 54.0%로 신청자 가운데 2~30대 비중이 전체의 3/4 수준이었습니다. 40대 신청자는 13.7%, 50대 이상은 9.5%였습니다. 또 공급 유형별로는 나눔형 24.8대 1, 선택형 9.2대 1, 일반형 26.2대 1을 기록해 일반형이 가장 높은 경쟁률을 나타냈습니다. 뉴:홈은 청년과 무주택 서민 등에게 공공주택 50만 호를 공급하는 정책입니다. 국토부 측은 ""지난 세 차례 사전청약에 이어 이번 4차에도 신청자의 75% 이상을 20~30대가 차지하는 등 청년들의 높은 관심을 받고 있다""고 밝혔습니다.[사진 출처 : 연합뉴스]■ 제보하기▷ 전화 : 02-781-1234, 4444▷ 이메일 : kbs1234@kbs.co.kr▷ 카카오톡 : 'KBS제보' 검색, 채널 추가▷ 네이버, 유튜브에서 KBS뉴스를 구독해주세요!",경제,KBS
제25대 농협중앙회장에 강호동 경남 율곡농협 조합장,"자산 규모 145조 원의 농협중앙회를 이끌 25대 회장에 강호동 경남 합천군 율곡농협 조합장이 당선됐습니다.  어제(25일) 진행된 회장 선거에서 강 조합장은 1차 투표에서 607표를 얻어 1위에 오른 뒤 결선에서 조덕현 동천안농협 조합장과 맞대결을 벌였습니다.   결선 투표에서는 강 조합장이 781표로, 464표를 얻은 조 조합장을 317표 차이로 앞서면서 최종 당선됐습니다.   강 조합장은 지난 1987년 율곡농협에 입사해 40년가량 농업·농촌 분야에서 일했습니다.   2016년부터 2020년까지 농협중앙회 이사를 맡았고 농협경제지주 이사, 농민신문사 이사를 지냈습니다.   강 조합장은 당선 직후 선거인단에 큰절을 한 뒤 소감을 밝혔습니다.▶ 인터뷰 : 강호동 / 25대 농협중앙회장 당선인- ""지역농협을 위하고 조합장들을 위하고 농업인을 위하는 그런 농협중앙회로 혁신해가라는 그런 뜻으로 알고 있습니다.""  영상취재 : 김재헌 기자",경제,MBN
‘신한 슈퍼SOL’ 출시 한달 만에 가입자 300만명,"‘신한 슈퍼SOL’ 전담부서 신설 [신한금융 제공]신한금융지주는 신한 모바일 앱의 핵심 기능을 한데 모은 ‘신한 슈퍼SOL’이 출시 한 달여 만에 가입자 수 300만명을 돌파했다고 26일 밝혔다.신한 슈퍼SOL은 ‘금융을 새롭게, 신한이 한다’는 컨셉으로 은행·카드·증권·라이프·저축은행 등 5개사 금융 앱의 핵심 기능을 결합한 통합 금융 플랫폼이다.지난 한 달여간 신한 슈퍼SOL 가입자들의 이용내역을 분석한 결과 기존 신한 SOL뱅크 이용 고객이 신한 슈퍼SOL에서는 카드, 증권, 라이프 등의 서비스(54%)를 은행 서비스(46%)보다 더 많이 이용하고 있는 것으로 나타났다. 또 신한 슈퍼SOL 이용 고객 중 43%가 2개 이상의 그룹사 서비스를 이용하고 있는 것으로 나타났다.한편 신한금융은 신한 슈퍼SOL 관리를 위한 전담부서도 신설했다. 이를 통해 고객들의 다양한 요청 사항을 듣고 신속하게 반영할 계획이다. 신한 슈퍼SOL은 지난 15일 출시한 ‘신한 슈퍼SOL 포인트 적금’을 비롯해 앞으로도 전용 체크카드, 특판 RP, 연금보험 등 다양한 특화상품을 출시할 예정이다.",경제,매일경제
분산에너지법 시행 앞두고 전력시장 토론회 개최…재생e입찰제도 논의,"핵심요약산업부·전력거래소, 2024년 전력시장 개선방향 설명회 개최 올해 변화되는 전력시장 제도 공유…전문가 토론 진행최남호 산업통상자원부 2차관이 25일 서울 마포구 한국중부발전 서울발전본부에서 겨울철 전력수급 현장을 점검하며 발언하고 있다. 연합뉴스산업통상자원부는 26일 서울 코엑스에서 전력업계, 학계, 유관기관 전문가 등 150여명이 참석한 가운데 '2024년 전력시장 개선방향 설명회'를 개최했다고 밝혔다. 이번 설명회는 최근 전력시장 여건과 예상되는 미래 변화에 대응하기 위한 2024년 전력시장 개선방향과 분야별 주요 추진사항을 시장 참여자에게 소개하는 차원에서 마련됐다. 시장제도 변화에 대한 현장의견도 수렴했다. 설명회에선 전력시장 개선방향과 제주 시범사업, 분산에너지 활성화 특별법 및 분산에너지 활성화 방안, 전기사업법 개정에 따른 직접전력거래 확대, 청정수소발전입찰시장 개설 등 신규 전력시장 제도에 대한 유관기관의 주제발표와 질의응답이 진행됐다.  패널 토론에서 전력시장 전문가 8인이 미래 전력시장 발전 방향을 논의했다. 오는 2월부터 제주도에 도입되는 재생e입찰제도, 실시간·보조서비스 시장은 재생e의 시장참여와 신속하고 유연한 발전계획 수립을 통해 제주지역 계통 불안정을 완화할 전망이다. 재생e전기저장판매사업 등 다양한 직접전력거래 확대방안을 담은 전기사업법 개정안(5월)과 분산에너지특별법(6월) 시행은 분산형 전원확대와 신산업 창출에도 힘을 보탤 것으로 기대된다.  세계 최초 청정수소발전입찰시장 개설(6월)을 통해 청정수소 보급확대 및 관련 생태계 구축도 선도해나갈 예정이다. 이옥헌 산업부 전력정책관은 ""분산에너지와 전력직접거래 등 다양한 전력신산업을 활성화하고, 계약시장 도입 등 전력시장 다원화와 함께 시장 참여자들의 자율성과 책임을 강화하는 방향으로 제도 개편을 추진해 나갈 것""이라고 했다.※CBS노컷뉴스는 여러분의 제보로 함께 세상을 바꿉니다. 각종 비리와 부당대우, 사건사고와 미담 등 모든 얘깃거리를 알려주세요.이메일 : jebo@cbs.co.kr카카오톡 : @노컷뉴스사이트 : https://url.kr/b71afn",경제,노컷뉴스
"백정완 대우건설 사장, 신입사원과 '한 마음의 장' 소통행사","백정완 대우건설 사장, 신입사원과 '한 마음의 장' 소통행사 참석[대우건설 제공. 재판매 및 DB 금지](서울=연합뉴스) 김희선 기자 = 백정완 대우건설 사장은 지난 22일 경기 수원 인재경영원에서 올해 입사한 신입사원 86명과 '한 마음의 장' 행사를 가졌다고 회사 측이 26일 밝혔다.     '한 마음의 장'은 신입사원 교육을 마무리하는 행사로 회사 경영진과 신입사원 간 소통을 위해 마련됐다.    이날 행사에서 백 사장은 ""나도 여러분과 똑같은 사원으로 입사해 사장의 자리까지 올라왔다""며 ""업무를 하면서 실수 혹은 실패하더라도 후속 조치를 잘하고, 같은 실수를 되풀이하지 않도록 노력해야 한다""고 강조했다.    대우건설은 중흥그룹 편입 후 '사람에 대한 투자는 아끼지 않는다'는 그룹 철학에 따라 경력직·계약직 수시 채용과 별도로 연평균 100여명 규모의 신입 공채를 진행하고 있다.     hisunny@yna.co.kr",경제,연합뉴스
"'연봉 8억원' 농협중앙회장에 강호동…금융당국 징계, 변수 안 됐다","강호동 제25대 농협중앙회장 당선자(왼쪽)와 농협중앙회 외관. (사진=농협중앙회)17년 만에 직선제로 치러진 제25대 농협중앙회장 선거에서 초반부터 강세를 이어오던 강호동 경남 합천 율곡농협 조합장이 최종 승리했다. 농협중앙회장직은 연봉 약 8억원을 받고 농업 정책에 미치는 영향 또한 상당해 '권력과 부'를 모두 충족하는 자리로 여겨진다.25일 중앙선거관리위원회에 따르면 전국 조합장 1111명은 이날 서울 중구 농협중앙회 대강당에서 총 7명의 후보 소견 발표가 끝난 오후 3시께 차기 농협회장을 선출하기 위한 1차 투표를 시작했다.지난 2007년 이후 17년 만에 전국 조합장 직선제로 치러진 이번 선거에는 △황성보 경남 동창원농협 조합장 △강호동 경남 합천 율곡농협 조합장 △조덕현 충남 동천안농협 조합장 △최성환 부경원예농협 조합장 △임명택 전 NH농협은행 언주로지점장 △송영조 부산 금정농협 조합장 △이찬진 전 여의도연구원 정책자문위원 △정병두 고양시을 선거구 국회의원 예비후보 등이 입후보했다. 이 중 최성환 부경원예농협조합장은 지난 22일 사퇴했다.조합장이 행사할 수 있는 표의 가치는 조합 규모에 따라 다르다. 부가의결권 제도가 도입된 영향이다. 이 제도에 따라 조합원 수 3000명 미만인 조합은 한 표를, 3000명 이상인 조합은 두 표를 행사한다.1차 투표 결과 최다 득표자가 과반을 얻으면 선거는 종료된다. 반면 한 명에게 과반의 표가 몰리지 않으면 최다 득표자와 차순위 득표자가 결선에서 맞붙는다.이번 선거에선 강호동 조합장이 1차 투표에서 607표로 과반을 얻는 데 실패했으나 이어진 결선 투표에서 1125표 중 781표를 쓸어담으면서 조덕현 조합장을 누르고 25대 농협중앙회장에 당선됐다.강호동 당선자의 임기는 3월 정기총회일부터 4년이다.25대 농협중앙회장 재직 기간 도중 임기가 연장될 가능성도 배제할 순 없다. 농협중앙회장 연임을 허용하는 내용의 농협법 개정안 불씨가 다 꺼지지 않았기 때문이다.현행 농협법 개정안 130조를 보면 농협중앙회장은 임기 4년을 채운 뒤 연임할 수 없다. 전직 농협중앙회장들 일부가 연임하는 동안 각종 비위로 홍역을 치르면서 2009년 법이 바뀐 영향이다.농협중앙회장의 연임을 허용하는 농협법 개정안은 지난해 5월 국회 농림축산식품해양수산위원회 문턱을 넘었으나 법제사법위원회에서 잠든 채 해를 넘겼다. 그러는 사이 농협중앙회장 선거 절차가 시작되면서 24대 이성희 회장은 단임으로 물러나게 됐다.농협법 개정안의 본회의 통과가 불발됐지만 회장 연임은 여전히 농협 내부에서도 찬반이 갈리는 사안이다. 여기에 농협법 개정안 내 개혁조항들을 살린 새로운 개정안이 발의될 경우의 수도 남아있어 강호동 당선자 임기는 시간을 두고 지켜봐야 한다.강호동 당선자는 이미 지난 선거에서 3위를 기록할 만큼 지지 기반을 다녀놓은 후보였다. 이번 선거에서도 강 당선인은 결선 투표를 염두에 두지 않을 만큼 초반부터 승부수를 걸었다.1963년생인 강호동 당선자 지난 1998년 율곡농협 와리지소 부장으로 커리어 첫발을 뗐다. 이후 지소장과 조합장을 지내면서 율곡농협 내 영향력을 키운 강 당선인은 2016년부터 농협중앙회 이사, 2019년부터 농협대학교 대학평의원회 의장 등 굵직한 자리를 맡았다.강호동 당선자의 선거 레이스가 처음부터 순탄했던 것은 아니다.앞서 금융감독원은 지난 2020년 강호동 당선자가 동일인 대출한도를 초과 취급했다며 직무정지 3개월의 징계를 내린 바 있다. 율곡농협이 2014년 8월 7일부터 2018년 12월 27일 사이 A씨 등 3명에게 본인 또는 제3자 명의를 이용하는 방법으로 동일인대출 한도를 최고 48억1700만원(2018년 2월 14일 기준) 초과해 대출을 취급했다는 게 금감원 판단이었다.강호동 당선자는 이에 불복해 금융위원회를 상대로 직무집행 정지 처분 취소청구 소송을 냈으나 재판부는 소를 기각했다.다만 강호동 당선자는 조합장 시절 받은 징계는 농협중앙회장 선거 출마에 별다른 영향을 주지 못했다. 징계는 조합장 신분이었던 강호동 당선인에게 내려졌고, 이번 선거에는 조합원 자격으로 입후보했기 때문이다.농협중앙회장 선거에 정통한 관계자는 ""당국의 징계는 조합장의 직무를 3개월간 정지한다는 내용""이라며 ""농협중앙회장 출마 자격이 조합장이었다면 강호동 당선자의 피선거권이 박탈됐겠지만, 조합원이면 누구나 출마할 수 있어 징계와는 무관하다""고 설명했다.",경제,블로터
부평·창원 찾은 GM 글로벌 부사장…“한국GM은 미래 성장전략의 핵심”,"한국GM 노고에 감사 표해올해도 연 50만 대 생산계획 제럴드 존슨 GM 글로벌 생산 부문 총괄부사장(가운데)이 지난 24일 GM 부평공장에 방문해 트레일블레이저와 트랙스 크로스오버 생산 현장을 점검하며 임직원을 격려했다. <한국GM>제너럴 모터스(GM)는 미국 본사의 제럴드 존슨 글로벌 생산 부문 총괄부사장이 지난 24일부터 GM 부평·창원공장을 방문해 생산 현장을 점검했다고 26일 밝혔다.존슨 총괄부사장은 올해 첫 해외 사업장 방문으로 한국을 택했다.  존슨 총괄부사장은 GM의 글로벌 차량 포트폴리오에서 소형 크로스오버·스포츠유틸리티차(SUV) 핵심 제품을 주로 생산하는 한국사업장의 중요성을 강조하고 GM 한국사업장 임직원의 노고를 치하하기 위해 이뤄졌다.24일 부평공장, 25일 창원공장을 연이어 방문한 존슨 총괄부사장은 쉐보레 트레일블레이저와 트랙스 크로스오버 생산 설비와 기술을 면밀하게 살폈다.특히 존슨 총괄부사장은 부평공장에서 작업자의 부상을 예방하고 조립 공정의 경쟁력을 높이기 위해 설치된 최신 설비를 둘러보며 작업자의 근로 환경 안전성을 강조했다.존슨 총괄부사장은 현장에서 “트랙스 크로스오버와 트레일블레이저는 GM의 올해 핵심 사업전략 중 하나인 수익성 있는 내연기관 포트폴리오의 성장에 중요한 역할을 수행 중”이라며 “GM한국사업장에서 생산하는 전략 제품에 대한 글로벌 수요는 굳건하며, 차질 없는 생산과 공급을 담당하는 모든 한국팀의 헌신에 감사하다”라고 말했다.헥터 비자레알 GM 한국사업장 사장은 “트레일블레이저와 트랙스 크로스오버는 지난해 한국 승용차 수출 시장에서 누적 1위와 4위를 차지하며 한국사업장뿐 아니라 대한민국 경제와 자동차 산업 발전에도 크게 기여하고 있다”라면서 “GM 한국사업장은 지난해에 이어 올해도 연간 50만 대 규모의 생산 역량을 최대한 가동해 폭발적인 글로벌 수요에 차질 없이 대응할 것”이라고 전했다.GM 한국사업장은 지난해 한 해 동안 총 46만8059대(완성차 기준)를 판매하며 전년 대비 76.6% 증가세를 기록, 2017년 이후 최대 연간 판매량을 기록했다. GM은 성장세를 이어가기 위해 지난해에 이어 올해도 연간 50만 대 규모의 생산 역량을 최대한 가동할 방침이다. 지난 24일 GM부평공장에서 트레일블레이저와 트랙스 크로스오버 생산 현장을 살펴보는 제럴드 존슨 GM 글로벌 생산 부문 총괄부사장(1열 가운데)과 헥터 비자레알 GM 한국사업장 사장(1열 오른쪽). <한국GM>",경제,매일경제
"작년 일평균 외환거래액 역대 최대…""증권투자 증가 영향""","하루 659.6억달러…1년새 6% 늘어 [연합뉴스 자료사진]    (서울=연합뉴스) 신호경 기자 = 지난해 증권 투자가 늘어나면서 하루 평균 외환거래액이 역대 최대 규모에 이르렀다.    한국은행이 26일 발표한 '2023년 중 외국환은행의 외환거래 동향'에 따르면 작년 외국환은행의 1일 평균 외환거래(현물환·외환파생상품 거래) 규모는 659억6천만달러로 집계됐다.외국환은행 외환거래 규모 추이[한국은행 제공.재판매 및 DB 금지]    2022년(623억8천만달러)보다 5.7%(35억7천만달러) 늘었을 뿐 아니라 2008년 통계 개편 이후 최대 기록이다.    한은 관계자는 외환거래 증가 배경에 대해 ""수출입 규모 감소에도 불구하고 거주자와 외국인의 증권투자 매매가 늘었기 때문""이라고 설명했다.    상품별로는 1일 평균 현물환 거래(258억1천만달러)가 11.6%(26억7천만달러), 외환파생상품 거래(401억5천만달러)도 2.3%(9억달러) 각각 증가했다.     외국환은행 가운데 국내은행의 외환거래액(304억2천만달러)은 14.2%(37억8천만달러) 불었지만, 외국은행 지점의 외환거래액(355억4천만달러)은 0.6%(2억1천만달러) 감소했다. [그래픽] 일평균 외환거래액 추이(서울=연합뉴스) 김민지 기자 = minfo@yna.co.kr    트위터 @yonhap_graphics  페이스북 tuney.kr/LeYN1    shk999@yna.co.kr",경제,연합뉴스
2023년 마지막 ‘뉴홈’ 경쟁률 19대 1… 위례 65대 1 ‘최고’,"지난해 마지막으로 진행된 공공분양주택 ‘뉴홈’ 사전청약이 평균 19.6대 1의 경쟁률을 기록했다. 신청자의 절반은 30대로 집계됐다.지난 2월 경기도 고양시 한국토지주택공사(LH) 고양사업본부 ‘뉴홈’ 홍보관의 모습. 연합뉴스국토교통부는 지난 25일 ‘뉴홈’ 4차 사전청약 접수를 마감했다고 26일 밝혔다. 총 4700가구를 모집하는데 9만3000명이 몰리며 평균 경쟁률 19.6대 1을 기록했다.지역별로는 서울 위례 A1-14블록(나눔형·264가구) 경쟁률이 일반공급과 특별공급을 더해 65.1대 1로 가장 높았다. 59㎡ 일반공급은 34가구 공급에 5400여명이 몰려 159.8대 1의 경쟁률을 기록했다.고양 창릉 A1 주택(나눔형·258가구) 경쟁률은 40.1대 1이었다. 토지임대부주택으로 공급되는 서울 마곡 16단지(216가구)는 30.7 대1이었다.추정 분양가가 59㎡ 7억원대, 84㎡ 10억원대인 서울 대방 일반형 주택(815가구) 경쟁률은 26.2대 1이었다. 84㎡ 일반공급 경쟁률은 76.2대 1, 59㎡ 일반공급은 49.3대 1이었다.공공분양 중 선호도가 가장 높은 일반형으로 공급되는 서울 물량인데다, 3차에 공급됐던 인근 동작구 수방사 뉴홈 경쟁률(283대 1)과 비교하면 상대적으로 부진한 성적이다. 군부대 부지 특수성때문에 본 청약이 6년, 입주는 8~10년 뒤로 늦다는 점이 실수요자들에게 단점으로 작용한 것으로 풀이된다.나눔형 주택 중 남양주왕숙2 A2 경쟁률은 18.7대 1, 남양주왕숙2 A7은 8.0대 1, 수원 당수2는 3.9대 1을 기록했다. 선택형 주택인 부천 대장 경쟁률은 7.0대 1, 고양 창릉 A1은 6.2대 1, 화성 동탄2는 14.9대 1로 나눔형보다 경쟁률이 낮은 편이었다.나눔형은 거주의무기간(5년) 이후 공공에 환매 시 시세차익의 70%만 수분양자가 갖는 분양 주택이다. 이익을 공공과 나누는 대신 연 1.9~3.0% 고정금리로 최장 40년간, 집값의 80%까지 대출받을 수 있다. 선택형은 6년의 임대기간이 끝난 뒤 분양 여부를 선택할 수 있는 주택이다.뉴홈은 청년과 무주택 서민을 위해 공공주택 50만호를 공급하는 정책으로, 지난해 3차례 사전청약에 이어 4차에서도 신청자의 75% 이상을 20~30대가 차지했다. 신청자 연령대별 비율은 20대 22.7%, 30대 54%, 40대 13.7%, 50대 이상 9.5%였다.서울 위례와 서울 마곡 당첨자는 이달 31일, 서울 대방은 3월 13일 발표된다. 남양주 왕숙2·고양 창릉·수원 당수2는 3월 20일, 부천 대장·고양 창릉·화성 동탄2의 당첨자 발표일은 3월 22일이다.",경제,경향신문
"""韓, 25년 만에 일본에 성장률 뒤져…저성장기 돌입""","지난해 한국 경제성장률 1.4%…일본은 2.0% 예상닛케이 ""中 기술력 향상 등으로 韓산업 경쟁력 저하""고층 건물이 늘어선 일본 도쿄 도심 모습 ⓒ연합뉴스지난해 한국의 경제성장률이 1%대에 그치며 외환위기 이후 처음으로 일본에 성장률이 뒤졌다는 분석이 나왔다. 다만 올해에는 한국이 재역전에 성공할 것이라는 전망이다. 26일 일본 니혼게이자이신문(닛케이)은 지난해 한국 경제성장률이 25년 만에 일본에 뒤졌지만, 올해 다시 역전할 것으로 예상된다고 보도했다. 한국이 일본에 경제성장률에서 뒤지는 것은 외환위기 때였던 1998년 이후 25년 만에 처음이다.한국은행은 지난해 연간 한국 실질 국내총생산(GDP) 성장률이 1.4%라고 전날 발표했다. 한국 경제성장률은 2021년 4.3%에서 2022년 2.6%, 지난해 1.4%로 2년 연속 떨어졌다. 일본의 지난해 경제성장률은 아직 발표되지 않았지만, 지난해 10월 국제통화기금(IMF)는 지난해 일본이 2.0% 성장할 것으로 전망했다.닛케이는 경제성장률 역전에 대해 ""반도체 불황 같은 일회성이 아닌 (한국 경제의) 구조적 문제도 드러나기 시작했다""고 분석했다. 수출주도형인 한국 경제가 1997년 아시아 외환위기 이후 중국의 급속한 경제성장의 혜택을 받으며 산업을 발전시켜 왔지만, 중국 제조업 기술력 향상 등으로 한국 산업의 경쟁력이 상대적으로 저하할 가능성이 크다는 것이다.그러면서 ""한국은행이 저출산·고령화와 생산성과 경쟁력 저하로 잠재성장률이 오르지 않고 있다고 평가하는 등 한국도 저성장기에 들어갔다고 하는 견해가 강해지고 있다""고 진단했다.다만 한국은행은 올해 한국 경제가 2.1% 성장할 것으로 예상해 올해 다시 일본(IMF 1.0% 성장 전망)에 재역전할 것으로 보인다. IMF는 한국 경제성장률이 2024년 이후에도 2%대 초반에서 움직일 것으로 내다봤다.",경제,시사저널
테슬라 주가 하루 12% 급락…시총 9위로 밀려,"올해 주가 하락률 26.47%일론 머스크 “무역장벽 없으면 中 자동차, 세계 무너뜨릴 것”일론 머스크 테슬라 최고경영자(CEO)가 지난 22일 폴란드 크라쿠프에서 열린 유럽유대인협회 주관 콘퍼런스에 참석하고 있다. [로이터][헤럴드경제=정목희 기자] 미국 전기차 업체 테슬라의 실적 악화 전망에 주가가 25일(현지시간) 10% 넘게 급락했다.이날 뉴욕증시에서 테슬라 주가는 전장보다 12.13% 내린 182.63달러에 마감했다. 지난해 5월 이후 8개월 만의 최저치다.이날 주가 하락 폭은 2020년 9월 하루 21% 급락한 데 이후 최대치라고 미 경제매체 CNBC는 전했다.올해 주가 하락률은 26.47%에 달한다. 테슬라 주가는 올들어 전날까지 16.4% 떨어진 데 이어 이날 낙폭을 더 확대했다.시가총액은 이날 하루에만 800억달러(약 107조원)가량 증발하면서 5805억6600만달러(약 775조6361억원)로 쪼그라들었다. 제약회사 일라이 릴리보다 낮아져 미국 내 시총 9위로 밀렸다.테슬라는 전날 장마감 후 나온 작년 4분기 실적이 기대치를 밑돌았으며 올해 판매 성장률이 전년 대비 눈에 띄게 낮아질 수 있다는 회사의 경고가 나오면서 투자자들의 우려를 키웠다.지난해 4분기 테슬라의 매출은 251억6700만달러(약 33조5224억원), 주당순이익(EPS)은 0.71달러(약 946원)로 모두 시장 예상치를 밑돌았다.올해 전망에 관해 “2024년 자동차 판매 성장률은 2023년에 달성한 성장률보다 눈에 띄게 낮아질 수 있다”라고 테슬라는 밝혔다.일론 머스크 테슬라 최고경영자(CEO)는 또 실적 발표 후 콘퍼런스콜에서 중국 전기차 업체들의 최근 성장세에 관해 “우리가 관찰한 바로는 중국 자동차 회사들이 세계에서 가장 경쟁력이 있는 회사들”이라며 “무역 장벽이 없다면 그들은 전 세계 대부분의 다른 자동차 회사들을 거의 괴멸시킬 것”이라고 말하기도 했다.금융사들은 테슬라 주가 전망치를 속속 낮추고 있다. 로열뱅크오브캐나다(RBC)는 테슬라 주가 목표를 기존 300달러에서 297달러로 낮췄고, 투자은행 캐너코드 제뉴이티도 목표치를 267달러에서 234달러로 하향 조정했다.최소 9개 증권사도 테슬라에 대한 투자 등급을 하향 조정했다. 평균적으로는 ‘보류’ 등급을 매겼고, 목표주가 중간값은 225달러라고 로이터 통신은 전했다.금융정보업체 LSEG 데이터에 따르면 전날까지 테슬라 주식은 12개월 선행 수익 추정치의 약 60배에 거래됐는데, 이는 애플·마이크로소프트·엔비디아 등 다른 ‘매그니피센트 7’ 주식들보다 높은 수준이다.애널리스트들은 테슬라의 매출 성장률과 이익률이 더 떨어진다면 현재의 밸류에이션이 정당화되기 어렵다고 지적했다. 투자회사 번스타인의 애널리스트 토니 사코나기는 “테슬라가 점점 더 전통적인 자동차 회사처럼 보이고 있다”고 말했다.금융서비스업체 CMC마켓의 수석 애널리스트 마이클 휴슨은 “테슬라의 문제는 판매를 늘리려는 시도인데, 이는 중국의 비야디(BYD)나 다른 회사들과 경쟁해야 하는 탓에 영업이익률을 더 떨어뜨리는 대가를 치러야 성취될 수 있을 것”이라고 말했다.이날 다른 전기차 제조업체 리비안과 루시드, 피스커 주가도 각각 2.2%, 5.67%, 8.49% 하락했다.",경제,헤럴드경제
"“AI반도체 직접 만들 것”... 한국 찾은 샘 올트먼, 삼성·SK하이닉스 만난다","오픈AI의 CEO 샘 올트먼 /로이터연합뉴스										챗GPT 개발사 오픈AI의 최고경영자(CEO) 샘 올트먼이 한국에 왔다. 25일 저녁 한국에 들어온 올트먼은 26일 삼성전자와 SK하이닉스를 만난다. 올트먼 CEO의 방한은 작년 6월 이후 7개월 만이다. 최근 AI 반도체 직접 개발을 추진하고 있는 올트먼은 삼성전자, SK하이닉스와 반도체 관련 협력에 대해 논의할 것으로 알려졌다.올트먼은 이날 오전 삼성전자 평택 캠퍼스를 찾았다. 반도체 부문 사업을 총괄하는 경계현 삼성전자 사장을 비롯해 메모리반도체, 파운드리(위탁생산) 사업 담당 임원들이 올트먼을 함께 만났다. 삼성전자 평택 캠퍼스는 메모리반도체와 파운드리 시설을 모두 갖춘 곳이다. 평택캠퍼스를 본 올트먼은 이날 오후 SK하이닉스 곽노정 사장을 만나는 것으로 알려졌다. SK하이닉스는 AI반도체 필수 부품이자 메모리반도체인 고대역폭메모리(HBM)을 만든다. 출국 전 최태원 회장과도 만날 것으로 전해졌다.업계는 올트먼의 방한이 AI 반도체의 핵심으로 꼽히는 고대역폭메모리(HBM) 확보를 위한 것이라는 분석한다. SK하이닉스는 현재 세계 AI 반도체의 90%를 공급하는 엔비디아에 HBM을 공급하고 있는 1위 업체다. 그 뒤를 삼성전자가 바짝 추격하는 모양새로, SK하이닉스(50%)와 삼성전자(40%)의 HBM 시장 점유율을 합치면 90%가 넘는다.이번 올트먼의 방한은 작년과 달리 정부나 단체가 초청한 것이 아니라, 반도체 네트워크 구축을 위한 올트먼의 의지가 반영된 것으로 알려졌다. 24일(현지시각) 워싱턴포스트는 복수의 관계자를 인용해 “올트먼 CEO가 AI 모델용 고성능 반도체를 양산하기 위한 제조공장 건립 방식과 부지 등을 놓고 미 의회 의원들과 의견을 주고받았다”고 보도했다. 직접 인공지능(AI) 반도체를 생산하겠다는 올트먼의 구상이 구체화되고 있는 것이다. 지난해 말 올트먼의 CEO 축출 사건 배경에도 올트먼의 무리한 반도체 생산 추진이 원인 중 하나였지만, 이사회로부터 재신임을 얻은 올트먼이 다시 AI 반도체 생산을 추진하는 것이다. 올트먼은 최근 아랍에미리트(UAE) AI 기업 G42, 중동 투자자, 영국 반도체 설계사 암(ARM)을 소유하고 있는 일본 소프트뱅크그룹 등과 접촉하며 대규모 투자 유치를 추진하고 있다.",경제,조선일보
내부회계 위반 여전···“이건 꼭 챙기세요”,"기업, 대표이사, 외부감사인별 유의사항 전파 내부회계관리제도 구축 및 운영 프로세스 / 자료=금융감독원 제공[파이낸셜뉴스] 금융감독원이 내부회계관리제도 관련 기업과 외부감사인이 유의해야 할 사항을 안내하고 나섰다.   금감원은 25일 결산을 진행 중인 회사 및 외부감사인 법규 위반 방지를 위해 위반 사례 및 유의사항을 전파했다. 위반 건수는 감소세를 보이고 있으나, 일부 기업에서 비슷한 위반 사례가 지속 발생하고 있는 데 따른 조치다. 2021, 2022 회계연도 총 위반 건수는 각각 10건, 14건으로 과거 5년(2016~2020) 연평균 수치(약 43건) 대비 줄었다.   내부회계관리제도는 신뢰도 높은 재무제표를 작성·공시하기 위해 설계·운영되는 내부통제 제도로, 상장법인 및 자산총액이 일정금액 이상인 비상장법인이 그 주체에 해당한다. 구체적으로 △회사 내부회계 구축 △대표이사의 운영실태 보고 △감사(위원회)의 운영실태 평가 및 보고 △외부감사인 인증 등 역할을 수행해야 한다.   우선 회사는 자산총액 증가, 상장 등 변화가 있을 경우 내부회계관리제도 구축 대상 여부를 꼼꼼하게 확인해야 한다. 주권상장법인은 자산총액과 무관하게 그 대상에 포함되지만, 비상장법인은 별도(개별) 재무제표 기준 직전 사업연도 자산총액이 5000억원 이상인 경우 책임이 부여되기 때문이다.   실제 신규 사업 추진 등에 따라 일시적으로 자산총액이 증가해 내부회계 구축 대상이 됐으나 이를 인지하지 못해 법규를 위반한 사례도 파악됐다.   회사는 또 내부회계관기규정뿐 아니라 이를 관리·운영하는 조직도 갖춰야 한다. 운영보고서엔 △운영실태 보고서 △운영실태 평가보고서 △감사인 검토(감사)의견을 첨부해야 한다.   대표이사는 주주총회·이사회·감사에게 운영실태를, 감사는 이사회에 운영실태평가를 보고하고 기록·관리해야 한다. 어느 한 군데라도 빼먹은 채 보고하면 안 된다는 뜻이다.   끝으로 외부감사인인 회계법인은 내부회계 미구축 회사, 감사의견 비적정 기업에 대해서도 내부회계 의견을 표명해야 한다. 재무제표 감사의견과 별도로 진행해야 한다는 의미다. 이와 함께 감사인은 감사보고서에 △운영실태보고서 △검토(감사)의견을 첨부해야 한다.   금감원은 유관기관을 통해 이 같은 제도·법규 및 유의사항을 안내하고, 2023년 재무제표 공시 이후 법규준수 실태를 점검하고 내부회계관리제도 감리에도 착수할 계획이다. #내부회계관리제도",경제,파이낸셜뉴스
'힐스테이트 더샵 상생공원' 2단지 26일 견본주택 오픈…1668가구 공급,"'힐스테이트 더샵 상생공원' 투시도.[현대엔지니어링 제공][헤럴드경제(포항)=김병진 기자]현대엔지니어링과 포스코이앤씨 컨소시엄이 경북 포항시 남구 대잠동 일원에 공급하는 '힐스테이트 더샵 상생공원' 2단지가 26일 견본주택을 오픈하고 본격적인 분양에 들어갔다.'힐스테이트 더샵 상생공원'은 1단지 999가구와 2단지 1668가구 등 총 2667가구의 매머드급 대단지다. 이 중 이번에 공급하는 2단지의 건축규모는 지하 5층, 지상 35층 12개동으로 모두 1668가구다.전용면적별 공급세대수는 ▲84㎡A 973가구 ▲84㎡B 126가구 ▲84㎡C 183가구 ▲127㎡ 374가구 ▲139㎡P 6가구 ▲178㎡P 6가구로 구성된다.'힐스테이트 더샵 상생공원'은 가까이에 포스코대로와 희망대로를 통해 포항시내 전역은 물론 포항IC, 7번 국도, 31번 국도를 통해 시외로도 빠르게 이동할 수 있다. 포항 고속·시외버스터미널, KTX 포항역 등 광역교통망도 잘 갖춰져 있다.이 단지가 들어서는 입지는 공원시설(약 77만㎡)과 비공원 시설(약 17만㎡)로 구성된 포항 상생공원의 민간공원 특례사업으로 공급되는 만큼 일찍부터 포항지역 유망 단지로 꼽혀왔다. '상생공원'은 도로로 분절된 4개의 공간을 연결, 공간별 특화계획을 통해 포항의 새로운 랜드마크로 거듭난다는 계획이다. 포항시청을 중심으로 형성된 각종 인프라와 영일대 호수공원 등을 편리하게 누릴 수 있는 입지 여건도 강점이다. 여기에다 포항성모병원, 이마트, 롯데마트, 이동종합시장 등 생활편의시설도 가깝다. 또 인근에 대이초, 이동중, 포항제철고 등 초·중·고교가 위치한다.분양 관계자는 ""'힐스테이트 더샵 상생공원'은 무려 94만㎡의 상생공원을 단지 내 공원처럼 즐길 수 있는 독보적인 프리미엄을 갖춘 곳""이라며 ""우수한 입지에 걸맞은 뛰어난 설계로 선보일 예정이어서 포항의 새로운 랜드마크 단지가 될 것으로 기대된다""고 말했다.한편 이 단지 청약일정은 오는 2월 5일 특별공급을 시작으로 6일 1순위, 7일 2순위 접수를 받는다. 당첨자 발표는 15일이며 정당계약은 2월 26일부터 29일까지 4일간 진행한다.'힐스테이트 더샵 상생공원'의 견본주택은 포항시 남구 이동 에스포항병원 인근에 위치한다.kbj7653@heraldcorp.com",경제,헤럴드경제
자사주 15주·200만 원 격려금...'깜짝 실적' SK하이닉스 직원들 선물 받는다,"지난해 4분기 예상 넘은 영업이익 3,400억 원""D램은 상반기‧낸드는 하반기 재고 정상 될 것""""올해 연 매출 사상 첫 50조원 넘을 것으로 예상""경기 이천시 SK하이닉스 본사 모습. 이천=연합뉴스SK하이닉스가 지난해 4분기(10~12월) 영업이익 3,460억 원을 기록하며 2022년 4분기 이후 5분기 만에 흑자 전환에 성공했다. 메모리 반도체 감산 효과가 본격 나타나면서 가격이 조금씩 회복되고 고성능 반도체 수요가 늘어난 영향으로 풀이된다. 증권가는 SK하이닉스의 올해 영업이익이 10조 원에 달할 것이라는 전망을 내놨다.SK하이닉스는 2023년 4분기 매출 11조3,055억 원, 영업이익률 3%(연결 기준)를 냈다고 25일 공시했다. 시장의 기대를 뛰어넘는 깜짝 실적이다. 금융정보업체 에프앤가이드의 SK하이닉스 4분기 영업이익 컨센서스(증권사 전망치 평균)는 515억 원 적자였다. 다만 지난해 9월까지 쌓인 영업손실로 인해 2023년 한 해 실적은 매출 32조7,657억 원, 영업손실 7조7,303억 원으로 2022년과 비교해 적자로 돌아섰다.고성능 메모리반도체 제품을 중심으로 시장 수요가 증가한 영향을 받았다. SK하이닉스는 핵심 제품인 고대역폭메모리(HBM)와 더블데이트레이트(DDR)5의 매출이 전년 대비 4, 5배 늘었다고 밝혔다. 그 결과 4분기 D램 매출은 3분기(7~9월) 대비 1조 원 이상 늘어난 7조3,485억 원이었다. 증권가는 D램 영업이익을 1조7,400억 원대로 추정했다. 반면 낸드플래시는 전 분기 대비 매출이 늘었지만(2조4,478억 원→3조2,786억 원) 상대적으로 업황 반등이 늦어지면서 1조5,300억 원대의 영업적자를 냈을 것으로 증권가는 보고 있다.김우현 SK하이닉스 최고재무책임자(CFO) 부사장은 이날 열린 콘퍼런스콜에서 ""올해 D램과 낸드 수요 증가율은 각각 10% 중후반이지만 생산 증가율은 한 자릿수에 그칠 것""이라며 ""D램은 올해 상반기 중 낸드는 하반기 중에 (재고가) 정상 수준으로 도달할 것""이라고 예상했다. 반도체 업황이 되살아나고 있지만 ""확보된 고객 수요""에만 투자하는 보수적 기조는 유지한다고 덧붙였다. SK하이닉스는 ""과거처럼 투자 증가가 공급 과잉으로 이어지는 사이클이 되지 않도록 할 생각""이라며 ""앞으로 물량 중심보다는 고부가가치 중심 매출을 우선시하고 수익성과 점유율을 키우는 데 무게 중심을 두겠다""고 강조했다. 차세대 반도체 HBM3E 상반기에 공급 시작자료: 금융감독원 전자공시 시스템. 그래픽 박구원 기자차세대 HBM 제품인 HBM3E는 올해 상반기 공급을 시작할 예정이다. 지난해 4분기 엔비디아 등 고객사에 HBM3E 샘플을 보내 검증 절차를 진행 중이다. 김규현 SK하이닉스 D램 마케팅담당은 HBM 공급 과잉 우려를 두고 ""HBM은 고객과 최소 1년 이상 사전 협의, 계약을 통해 생산을 결정하는 수주형 성격을 지닌다""며 인공지능(AI) 성장이 이어진다면 공급 과잉 우려는 없을 것이라고 잘라 말했다.업계에서는 올해 SK하이닉스의 연 매출이 사상 첫 50조 원을 넘을 것으로 예상하고 있다. 에프앤가이드가 발표한 SK하이닉스의 올해 영업이익 컨센서스는 9조2,000억 원 수준이다. 실적 발표 후 DS 투자증권은 영업이익을 10조6,000억 원으로 내다봤다.깜짝 실적에 SK하이닉스는 이날 ""어려운 경영 환경을 극복하고 큰 폭의 기업 가치 상승을 이끈 구성원에게 자사주 15주와 격려금 200만 원을 지급한다""고 공지했다. 격려금은 29일, 자사주는 다음 달 말 지급될 예정이다.  생산성 격려금(PI)으로 기본급의 50%도 26일 지급된다. PI는 반기별로 회사가 목표로 했던 생산량을 달성했을 때 지급하는 인센티브로 SK하이닉스는 최근 영업이익률 수준에 따라 PI를 차등 지급하기로 기준을 바꿨다.",경제,한국일보
‘AI칩 파트너’ 누가 될까… 올트먼 방한에 쏠린 눈,"삼성 경계현·SK 곽노정 면담 관측체류 6시간 → 10시간 이상으로 늘려脫엔비디아 위한 광폭 행보 나설 듯사피온 등 스타트업과 접촉할 수도사진=로이터연합뉴스‘챗GPT 아버지’ 샘 올트먼 오픈AI 최고경영자(CEO)의 한국 방문을 놓고 국내 반도체 업계의 관심이 고조되고 있다. 올트먼이 삼성전자, SK그룹 고위 관계자 등과 만날 것으로 알려지면서 한국 반도체 기업과 오픈AI 간 협력이 구체화될 전망이다. 챗GPT를 개발한 오픈AI는 생성형 AI 시대에 수요가 급증하는 AI 반도체에 대한 자체 개발을 추진하고 있다.25일 업계에 따르면 올트먼은 26일 국내 반도체 기업 경영진과 만나 AI 반도체 개발 협력 방안을 논의할 예정이다. 그는 당초 6시간가량 국내에 머물기로 했다가 면담 시간을 늘리기 위해 일정을 10시간 이상 체류로 조정한 것으로 알려졌다. 그는 지난 17일(현지시간) 스위스 다보스에서 열린 세계경제포럼(WEF) 현장에서 취재진에게 “한국에서 여러 면담이 예정돼 있다”고 밝혔다.올트먼은 삼성전자에선 경계현 DS부문장(사장), SK그룹에선 곽노정 SK하이닉스 대표이사 사장 등과의 만남을 가질 것으로 알려졌다. 올트먼이 삼성전자의 평택 반도체 공장을 둘러볼 것이라는 관측도 있다. 다만 이들 기업 관계자는 구체적인 회동 일정에 대해 “확인이 불가하다”고 입을 모았다. 올트먼이 국내 AI 반도체 스타트업인 사피온, 리벨리온, 퓨리오사AI 등과의 면담을 진행할 가능성도 제기된다.방한 기간 중 올트먼의 행보는 엔비디아의 AI 반도체 독점 구조를 깨려는 오픈AI의 야심찬 전략과 맞닿아 있다. 최근 올트먼은 자체 AI 반도체 개발·생산을 위한 대규모 투자 유치를 시도한 것으로 알려졌다. 블룸버그통신은 그가 자금 조달을 위해 아랍에미리트(UAE) 등의 투자자뿐 아니라 아부다비의 AI 업체 ‘G42’, 일본 소프트뱅크 그룹과 접촉하고 있다고 보도했다.올트먼은 또 미국 의회와 AI 훈련·운영에 필요한 첨단 반도체를 제조하는 신규 공장 설립에 대해 논의했다고 24일(현지시간) 워싱턴포스트(WP)는 전했다. 복수의 소식통에 따르면 그는 미 의회에서 반도체 공장의 장소와 설립 방법에 대한 의견을 나눴다. 올트먼은 반도체 제조를 위해 새로운 공장을 직접 짓는 안과, 대만 TSMC와 같은 파운드리(위탁 생산) 업체와 협업하는 방안을 함께 고려 중인 것으로 알려졌다. WP는 “올트먼이 투자자들로부터 수십억, 심지어 수조 달러를 조달하려는 건 반도체가 AI 기술 발전에 점점 더 중요해질 것이라고 믿기 때문”이라고 설명했다.오픈AI로선 메모리 반도체와 파운드리 사업을 모두 아우르고 있는 삼성전자와의 협업이 필요한 상황이다. SK하이닉스는 AI 구동을 돕는 고대역폭 메모리(HBM) 사업에서 앞서가고 있다. 삼성전자도 HBM과 함께 차세대 메모리 반도체인 컴퓨트익스프레스링크(CXL) 개발에 박차를 가하고 있다. 업계 관계자는 “AI 반도체 개발을 추진 중인 오픈AI가 반도체 강국인 한국 기업과의 협력에 나선 것”이라고 말했다.",경제,국민일보
"기재 2차관 ""공공기관 신속집행에 경영평가 가점 부여""","GTX 수서역 공사현장 방문김윤상 기획재정부 제2차관이 ""(공공기관의) 신속 집행에 대해 경영평가 시 가점을 부여하겠다""며 공공부문의 신속 집행을 당부했다. 김 차관은 26일 서울 강남구에 소재한 수도권 광역급행철도(GTX) A노선 사업 현장을 방문해 주요 공공기관 투자·집행 점검 회의를 주재한 자리에서 이같이 밝혔다. 이번 회의에서는 주요 공공기관의 연간 집행관리 목표와 금년도 우리 정부가 추진 중인 상반기 공공부문 신속 집행의 추진 방안을 논의했다. 김 차관은 경제회복 기조를 공고히 하기 위해 오늘 이 자리에 모인 공공기관의 역할이 그 어느 때보다도 중요하다며 ""정부 또한 각 공공기관이 집행에 어려움을 겪지 않도록 공공기관 예비타당성 조사의 적기 완료 및 신속 집행에 대해 경영평가 시 가점 부여 방안 마련 등 제도적 지원에 총력을 다하겠다""고 했다. 이어 방문한 GTX 수서역 공사 현장에서는 오는 3월 개통 예정인 GTX A노선 수서-동탄 구간의 사업 막바지 진행 상황을 점검하고, 현장 관계자들을 격려했다. 김 차관은 공공기관 SOC 투자의 신속한 추진은 건설경기 침체의 극복을 뒷받침할 뿐 아니라 국민에게 필수적인 공공서비스를 적기에 공급하기에 그 중요성이 크다는 점을 강조하며 ""면밀한 관리를 통해 사업이 계획대로 완료되어 교통 격차 해소를 위한 중요한 기반시설로 자리 잡기를 바란다""고 했다.",경제,아시아경제
"신한금융 통합앱 '슈퍼쏠', 가입자 300만명 돌파","[자료=신한금융그룹]신한금융그룹은 지난달 18일 출시한 슈퍼앱 '신한 슈퍼쏠(SOL)'이 출시 한 달여 만에 가입자 수 300만명을 돌파했다고 오늘(26일) 밝혔습니다.신한 슈퍼쏠은 '금융을 새롭게, 신한이 한다'는 컨셉으로 은행, 카드, 증권, 라이프, 저축은행 등 5개사 금융앱의 핵심 기능을 결합했습니다.  특히 가입자들의 이용 내역을 분석한 결과, 기존 신한 쏠뱅크 이용 고객의 절반 가량이 갈아탔고, 카드와 증권, 라이프 등의 서비스(54%)를 은행 서비스(46%)보다 더 많이 이용하고 있는 것으로 나타났습니다. 또 앱 이용 고객 중 43%는 2개 이상의 그룹사 서비스를 이용하고 있는 것으로 분석됐습니다. 신한금융은 신한 슈퍼쏠 관리를 위한 전담부서를 새로 만들고, 로그인과 메인화면 이용 시 속도 개선, 고객 피싱 방지 서비스 강화 등 고객들의 다양한 요청 사항을 듣고 신속하게 반영하기 위해 노력하고 있습니다.지속적인 혁신을 통해 다양한 고도화 계획을 추진 중이며, 지난 15일 출시된 신한 슈퍼쏠 포인트 적금을 비롯해 앞으로도 신한 슈퍼쏠 전용 체크카드, 특판 RP, 연금보험 등 다양한 특화상품을 출시할 예정입니다.당신의 제보가 뉴스로 만들어집니다.SBS Biz는 여러분의 제보를 기다리고 있습니다.홈페이지 = https://url.kr/9pghjn",경제,SBS Biz
"'첨단 3D 패키징 구현' 인텔, 美 뉴멕시코에 반도체 생산시설 구축","포베로스 방식 양산 가능한 첫 제조 시설 선봬인텔이 3차원(3D) 패키징 방식으로 제품 양산이 가능한 최초의 반도체 제조 시설을 미국 뉴멕시코주에 선보였다.인텔이 미국 뉴멕시코주에 선보인 반도체 생산 시설 '팹9' 모습 / [사진제공=인텔]인텔은 미국 뉴멕시코주 리오랜초에 최첨단 반도체 생산 시설 '팹(Fab) 9'을 오픈했다고 25일 밝혔다. 앞서 회사는 미국 뉴멕시코 생산 시설에 3D 패키징 기술 '포베로스(Foveros)'를 포함한 고급 반도체 패키징 제조 설비를 투입하겠다며 35억달러 투자 계획을 발표한 바 있다.포베로스는 서로 다른 칩을 유연하게 결합해 전력, 성능, 가격을 최적화하도록 하는 패키징 기술이다. 컴퓨팅 타일을 수직으로 쌓아 프로세서를 구축하는 첨단 3D 방식에 속한다. 팹9은 포베로스 방식으로 대량 생산이 가능한 인텔의 첫 제조 시설이다. 인텔 최초로 주문부터 최종 제품화까지 한 곳에서 진행 가능한 대규모 고급 패키징 사이트이기도 하다.인텔은 팹9 가동을 통해 고급 패키징 기술 분야에서 혁신을 가속할 예정이다. 반도체 성능을 높이기 위해 하나의 패키지에 여러 개 '칩렛'을 사용하는 시대가 도래한 만큼 포베로스 등의 고급 패키징 기술 활용도를 높여 무어의 법칙을 이어간다는 방침이다.인텔 글로벌 최고운영책임자(COO)인 케이반 에스파자니 수석 부사장은 ""세계에서 가장 발전된 패키징 솔루션을 대량으로 생산할 수 있는 미국 유일의 제조 시설을 이번에 선보이게 됐다""며 ""최첨단 기술로 고객에게 실질적인 이점을 탄력적인 전체 공급망에서 제공하게 될 것""이라고 말했다.",경제,아시아경제
"""귀성 전 무상점검 받으세요"" 현대차·기아, 설 특별 고객 서비스","내달 6~8일 현대차·기아 전국 서비스 거점 방문 고객 대상ⓒ데일리안DB[데일리안 = 편은지 기자] 현대자동차와 기아가 설 연휴를 맞아 내달 6일부터 8일까지 3일간 전국 서비스 거점에서 '설 특별 무상 점검 서비스'를 실시한다고 26일 밝혔다.현대차·기아는 설 연휴 귀성길 장거리 운행에 앞서 차량의 주요 부품 및 기능을 점검해 각종 사고를 미연에 방지하고 고객의 안전한 귀성길을 돕고자 이번 무상 점검 서비스를 마련했다.점검 항목은 ▲오일류 ▲공조장치 ▲타이어 마모도 및 공기압 ▲브레이크 ▲각종 등화 장치 점등 상태 등이며 워셔액 보충 서비스도 제공한다. 전기차는 EV 냉각수 및 고전압 배터리 등도 추가 점검 대상이다.이용을 원하는 고객은 오는 31일부터 내달 2일까지 ▲현대자동차 ‘마이현대’ ▲기아 ‘마이기아’ ▲제네시스 ‘마이제네시스’ 등 각 사 통합 고객 서비스 애플리케이션에서 무상 점검 쿠폰을 다운로드해야 한다.이후 현대차 고객은 전국에 위치한 블루핸즈, 기아 고객은 직영 서비스센터 및 오토큐를 방문해 무상 점검 쿠폰을 제시한 후 차량 검사를 받으면 된다.현대차·기아 관계자는 ""설 연휴를 맞아 고객의 안전한 귀성길에 도움이 되고자 무상 점검 서비스를 마련했다”며 “앞으로도 현대차·기아 고객이 안전 운전할 수 있도록 점검을 강화하겠다”고 말했다.",경제,데일리안
‘농민 대통령’ 농협회장에 강호동,"제25대 농협중앙회장 당선통지서와 꽃다발을 받아든 강호동 경남 율곡농협 조합장. [뉴시스]           농협중앙회 25대 회장 선거에서 강호동(60) 경남 합천군 율곡농협 조합장이 당선됐다. 농협중앙회에 따르면, 25일 치러진 회장 선거 결선 투표에서 강 당선자는 총투표수 1245표 중 781표(득표율 62.7%)를 얻어 당선됐다. 2위 조덕현 충남 동천안농협 조합장(464표, 득표율 37.3%)을 여유 있게 따돌렸다. 강 당선자는 오는 3월 회장으로 취임한다. 비상근직으로 임기는 4년(단임)이다.      농협중앙회장은 206만명에 이르는 농협 조합원을 대표해 ‘농민 대통령’으로 불린다. 농협 인사와 금융·유통 등 사업 전반을 이끌며 큰 영향력을 행사한다. 농협중앙회 자산 규모는 약 145조원(계열사 32개)이다. 강 당선자는 당선 직후 “농협을 혁신하고 변화시키라는 뜻으로 알고 있다”며 “지역농협이 주인이 되는 중앙회를 만들겠다”고 말했다.      이번 선거는 2007년 이후 17년 만에 직선제로 치렀다. ‘농심(農心)’을 대변하는 자리인 만큼 4월 총선을 앞두고 관심을 모았다. 1차 투표에선 중도 사퇴자를 뺀 후보 7명이 경합했다. 강 조합장이 48.8%를 득표해 1위에 올랐다. 하지만 과반에 못 미쳐 규정에 따라 조 조합장과 2차 결선 투표를 치른 끝에 승리했다.      강 당선자는 1987년 농협에 입사한 5선 조합장 출신이다. 2016~2020년 농협중앙회 이사를 지냈다. 2004년 20대 회장 이후 20년 만에 경남 출신 조합장이다. 강 당선자는 지역 농·축협의 경영 부담을 완화하기 위해 무이자 자금 규모를 20조원으로 늘리고, 조합원을 위해 요양병원을 세우겠다는 공약을 냈다. 또 중앙회와 경제 지주 통합을 추진하기로 했다. 농협에는 중앙회와 농협은행·NH투자증권 등을 거느린 금융 지주, 하나로유통·농협홍삼·남해화학 등을 거느린 경제 지주가 있다. 구조를 바꾸려면 농협법을 개정해야 한다.",경제,중앙일보
"증권가, SK하이닉스 목표가↑…""올해 실적 개선 지속될 것""","[그래픽] SK하이닉스 실적 추이(서울=연합뉴스) 박영석 기자 = SK하이닉스는 작년 4분기 영업이익 3천460억원을 기록해 전년 동기(영업손실 1조9천122억원)와 비교해 흑자 전환했다고 25일 공시했다.    zeroground@yna.co.kr    트위터 @yonhap_graphics  페이스북 tuney.kr/LeYN1    (서울=연합뉴스) 이민영 기자 = 증권가는 26일 SK하이닉스의 작년 4분기 실적이 시장 기대치를 웃돌았다고 평가하면서 올해에도 D램 출하량 증가 등으로 실적 개선이 기대된다며 목표주가를 일제히 올렸다.    이날 하나증권은 올해 D램 출하량 증가 등으로 실적 개선이 지속될 것이라며 SK하이닉스의 목표주가를 15만8천원에서 18만원으로 상향 조정했다.     김록호 연구원은 ""SK하이닉스의 지난해 4분기 영업이익은 3천500억원 수준으로, 전 분기 대비 흑자 전환하면서 최근 상향 조정되던 시장 기대치를 상회했다""며 ""스마트폰 고객사들이 재고 수준이 낮아지면서 재고 축적을 진행한 가운데 가격 상승을 기반으로 D램의 이익 규모가 확대됐고, 낸드 역시 경쟁사 대비 40%가량 높은 가격 상승을 통해 유의미한 적자 축소를 달성했다""고 분석했다.    이어 ""올해 2분기부터 HBM(고대역폭 메모리) 증설 분이 가동되기 시작하면서 D램 출하가 증가해 가파른 실적 개선이 가능할 것""이라며 ""올해 연간 영업이익은 14조900억원으로 2018년 이후 최대 실적을 기록할 것""이라고 내다봤다.    김동원 KB증권 연구원은 ""올해 스마트폰, PC 수요가 증가할 것으로 예상되는 가운데 특히 온디바이스 AI(인공지능) 확산은 중장기 메모리 수요를 2배 증가시킬 것""이라며 ""아울러 HBM 공급 부족이 지속되면서 올해 영업이익이 10조원에 안착할 것""이라고 전망했다.     그러면서 올해 연간 영업이익은 10조4천360억원으로 예상하며 기존 추정치(7조6천150억원)를 37% 상향 조정하면서 목표주가도 16만원에서 18만원으로 올렸다.    이수림 DS투자증권 연구원은 ""지난해 4분기 낸드의 판가 인상 속도가 예상치를 상회하며 적자 폭이 축소되고, 고성능 D램 매출이 고르게 증가하면서 SK하이닉스의 영업이익이 컨센서스를 상회했다""며 ""올해 HBM 생산능력이 지난해의 두 배 수준으로 늘어날 것으로 예상되는 가운데 AI용 고성능 메모리 관련 SK하이닉스의 수혜 강도가 더 커질 것""이라고 내다봤다.    그러면서 올해 영업이익을 10조9천640억원으로 예상하며 직전 추정치(10조5천780억원)를 3%가량 상향 조정하면서 목표주가를 15만3천원에서 16만8천원으로 올렸다.    이밖에 현대차증권(15만4천원→16만6천원), DB금융투자(15만6천원→17만원), 흥국증권(16만2천원→16만5천원), 유진투자증권(15만원→15만5천원), 교보증권(16만원→18만원) 등도 SK하이닉스의 목표주가를 일제히 올렸다.    mylux@yna.co.kr",경제,연합뉴스
"한화생명, 모바일 화상상담 서비스 개시…업계 최초 1대多 적용","계약자·수익자·피보험자 함께 상담 가능고객센터 방문 필요없어 디지털취약계층 접근성↑연간 50만장 종이 절약 효과도…ESG경영 실천한화생명 모바일 화상상담 서비스 사용 화면 [한화생명 제공][헤럴드경제=강승연 기자] 한화생명(대표이사 여승주 부회장)이 모바일로 상담사와 얼굴을 보며 업무를 진행하는 ‘모바일 화상상담 서비스’를 개시한다고 26일 밝혔다.이번 서비스는 업계 최초로 ‘1대다(多)’ 모바일 화상상담 서비스로 제공된다. 보험계약 관계자가 다수인 보험상품 특성에 맞게, 다(多)인 상담 시스템에 보험계약자와 수익자, 피보험자가 함께 접속해 필요한 보험 서비스 업무를 진행할 수 있다.한화생명은 보험계약 관계자들이 화상상담 과정에서 전자문서 작성과 서명을 할 수 있는 시스템을 구축함으로써 당사자들이 함께 고객센터를 방문해야 하는 불편함도 줄였다.전자문서 작성 및 서명 시스템을 사용해 페이퍼리스(Paperless)를 통한 친환경 경영도 실천할 수 있다. 보험서비스 1건당 약 7장의 종이서류가 사용된다고 가정하면 연간 50만장 이상의 종이 절약이 가능하다.서류 및 서명누락 방지는 물론 고객 개인정보 보안이 더욱 강화된 것도 장점이다.고객은 모바일 화상상담 서비스로 보험금 청구와 보험계약대출, 계약정보 확인 및 변경, 보험료 납입 등 대부분의 업무를 처리할 수 있다.한화생명 모바일 화상상담 서비스는 별도의 앱 설치 없이 고객에게 전송된 링크 주소를 통해 입장할 수 있다. 상담부터 본인인증, 서류제출까지 원스톱으로 진행된다.모바일 화상상담 서비스 이용은 한화생명의 다이렉트 전화나 보이는 ARS, 콜센터 안내를 통해서 가능하다. 각 채널의 안내에 따라 링크 주소를 받아 접속할 수 있다.최근 비대면 금융 서비스 확산으로 디지털 취약계층의 금융소외 문제가 나타나고 있는데, 누구나 쉽게 사용할 수 있는 모바일 화상상담 서비스를 통해 대면 업무를 선호하는 고령층 고객의 접근성과 편의성을 높였다는 설명이다.이명언 한화생명 보험서비스팀장은 “직접 고객센터를 방문하는 수고를 덜면서 상담사와 대면할 수 있는 서비스를 구축했다”며 “향후에도 고객이 보다 편리하게 사용할 수 있는 디지털 기반 고객 서비스를 확대해 나가겠다”고 말했다.한편, 한화생명 모바일 화상상담 서비스는 인공지능 및 화상 플랫폼 스타트업사 구루미(대표 이랑혁)와 협력해 개발했다. 한화생명은 스타트업과 오픈 이노베이션을 통한 상생의 가치를 지속적으로 실천하고 있다.구루미는 실시간 교육과 회의, 웨비나 등을 지원하는 화상 플랫폼 개발사다. 누적 사용자 수는 350만명을 달성했다. 최근에는 아랍에미레이트(UAE) 알리아스 그룹과 중동 교육시장 진출을 위한 업무협약을 체결한 바 있다.",경제,헤럴드경제
"삼성스토어, 모바일부터 가전까지 AI 제품 원스탑 쇼핑 경험 제공","'AI 특화존'과 전문 디테일러 시연으로 친숙해지는 AI 기능편리함은 물론 에너지 절약까지 가능한 각종 AI가전 체험삼성스토어가 본격 'AI 시대'를 맞아 모바일부터 가전까지 다양한 품목을 아우르는 AI 제품과 핵심 기능을 한 번에 체험할 수 있는 원스탑 쇼핑 경험을 선사한다.삼성스토어는 AI가 변화시키는 새로운 일상을 경험할 수 있는 체험존을 비롯해 AI 기능에 익숙하지 않은 고객도 쉽게 이해하고 활용할 수 있도록 전문 디테일러의 1 대 1 맞춤 시연 서비스도 제공한다.AI 특화존과 전문 디테일러 시연으로 친숙해지는 AI 기능먼저, 삼성스토어는 '갤럭시S24' 시리즈를 직접 만지고 새롭게 탑재된 AI 기능을 체험할 수 있는 'AI 특화존'을 마련했다. 'AI 특화존'은 ▲삼성강남 ▲홍대 ▲청담 ▲서초 ▲대치 ▲영통 ▲용인구성 ▲서수원 ▲대전 ▲더현대 서울 ▲갤러리아 광교 총 11개 점에서 운영한다.13개 언어 지원 '실시간 통역', 어느 화면에서도 관련 정보를 검색 확인할 수 있는 '서클 투 서치', '삼성 노트'앱에서 사용자가 작성한 글이나 메모를 요약정리해 주는 '노트 어시스트', 사용자 맞춤 편집 도구를 제안하는 '편집 제안', 잘린 사진 속 배경 및 사물을 메꾸어 주는 '생성형 편집' 등 다양하고 혁신적인 AI 기능들을 전문 디테일러의 시연을 통해 직접 확인해 볼 수 있다.또한, 이달 초 출시된 '갤럭시 북4 시리즈'는 새로운 인텔 코어 울트라 프로세서(Intel® Core™ Ultra Processor)를 탑재해 새로운 AI 경험을 선사한다.특히, '갤럭시 북 시리즈'는 머신러닝, 딥러닝 등 AI 퍼포먼스를 지원하는 NPU를 적용해 전력 효율과 작업 속도를 개선시켜 만족감을 높였다. 고객들은 삼성스토어 방문을 통해 제품을 직접 확인하고 취향과 생활 패턴을 고려해 모델을 선택할 수 있다.""알아서 척척"" 새로운 일상으로 초대하는 AI가전 체험삼성스토어에서는 일상을 더욱 편리하게 만드는 AI 기능이 탑재된 가전제품부터 가전을 통합 관리할 수 있는 스마트싱스 앱까지 모두 체험할 수 있다.먼저, 한층 진화된 AI 기반 혁신 기능이 적용된 'BESPOKE 그랑데 세탁기 AI'와 '건조기 AI'를 포함해, 국내 최초로 AI+ 인증받은 무선 스틱 청소기 'BESPOKE 제트 AI' 등을 한자리에서 만나볼 수 있다.고객들은 다양한 가전제품들의 기능을 손쉽게 비교해 볼 수 있으며 전문 디테일러의 1:1 상담을 통해 라이프스타일에 꼭 맞는 제품도 추천받을 수 있다.아울러, 스마트싱스 앱의 'AI 절약 모드'를 통해, 여러 가전제품의 에너지 효율 관리도 한 번에 가능하다. 삼성스토어는 홈 엔터테인먼트, 홈 스튜디오, 홈 피트니스, 게임 룸, 펫 케어 등 주제별 공간에서 제품 간 연결성을 경험할 수 있는 스마트싱스 체험존도 마련해 눈길을 끈다.한편, 삼성스토어는 이번 갤럭시S24 시리즈 언팩을 기념해 △39개 백화점 내 AI 체험 팝업스토어를 운영하고 △소문 내기 이벤트 △매장 방문 이벤트 등 다양한 프로모션을 진행 중이다. 삼성스토어에서 휴대폰 구매시 SK텔레콤·KT·LG유플러스 등 이동통신 3사 모두 개통이 가능하며, 기존 이용 중인 휴대폰의 통신사별 위약금도 빠르게 조회가 가능하다.",경제,헤럴드경제
"혁신 창업 메카도시 천안시, 스타트업 육성  263억원 투자유치 성과","- 170여 개 스타트업 지원·육성 고용창출 152명, 구매상담액 382억 원 등천안시는 지난해 9월~11월까지 개최한 ‘STAGE 천안 2023’ 프로젝트 행사.[헤럴드경제(천안)= 이권형기자] 천안시가 ‘스타트업 발굴·육성’ 사업을 추진한 결과 170여 개의 스타트업을 육성하고 투자유치와 고용창출 등의 성과를 거둔 것으로 나타났다. 천안시는 지난 2년간 170여 개의 스타트업을 지원·육성한 결과 투자유치 263억 4500만원, 고용창출 152명, 구매상담액 382억원 등의 성과를 얻었다고 26일 밝혔다.시는 그린스타트업타운, 천안과학산업진흥원, 한국자동차연구원 등을 통해 스타트업 엑셀러레이팅·컨설팅네트워킹, 창의인재 양성, IR 경진대회, 투자·구매 상담회 등 20여 개의 지원·육성프로그램을 운영하고 있다.특히 중부권 최대 규모의 스타트업 지원기관인 ‘그린스타트업타운’은 개관 1년 6개월 만에 입주기업 90개 사는 132명을 신규 고용하고 66억 9500만원의 투자를 유치했다. 또 입주기업 중 16개 사 팁스에 선정됐고 매출은 전년 대비 44% 증가했다.올해 천안시는 5년간 500개 스타트업, 10년 내 2개의 유니콘 기업 발굴을 위해 기존 스타트업 육성사업을 분석해 보완·개선하고 신규사업으로 글로벌 진출 역량강화, 창업 네트워크 활성화 등을 추진할 계획이다.박상돈 천안시장은 “창업 메카도시 천안을 목표로 스타트업 발굴·육성에 힘쓴 결과 짧은 기간 내에 일자리 창출, 지역경제 활성화 등 구체적인 성과를 내고 있다”며 “앞으로도 유망한 스타트업 발굴과 육성 지원을 위해 더욱 힘쓰겠다”고 밝혔다.",경제,헤럴드경제
"한국인, 하루 밥 두 공기도 안 먹는다…작년 쌀 소비 또 ‘최저치’ 경신","탄수화물 기피·식단 서구화 등 영향과자·떡볶이 등 가공식품 수요 늘어서울 시내 대형마트에 쌀 판매대 모습. 연합뉴스지난해 1인당 연간 쌀 소비량이 56.4kg에 그쳐 또다시 역대 최저치를 갈아치웠다. 탄수화물 기피 등 식습관 변화 여파로 연간 쌀 소비량은 매년 최저치를 경신하는 추세다. 다만 ‘집밥’용 쌀과 달리 떡볶이 등 식료품에 쓰이는 가공용 쌀 소비량은 큰 폭으로 늘었다.통계청이 26일 낸 ‘2023년 양곡소비량조사 결과’를 보면 지난해 국민 1인당 연간 쌀 소비량은 56.4kg으로 1년 전 보다 0.3kg(0.6%) 줄었다. 관련 통계를 작성한 이후 가장 적은 수치다. 30년 전인 1993년(110.2kg)의 절반 수준으로 1인당 연간 쌀 소비량은 1984년(130.1kg)이후 해마다 감소하고 있다. 건강과 다이어트를 위해 탄수화물을 기피하는 경향과 식단의 서구화 등이 맞물린 결과로 풀이된다.쌀 소비량 감소율은 2019년 3.0%에서 2022년 0.4%까지 내려갔다가 지난해 0.6%로 소폭 올랐다. 다만 농림축산식품부는 최근 3년 감소율이 0.9%에 그친 점을 들어 소비량 감소 속도는 여전히 완화 추세에 있다고 평가했다. 농식품부는 “코로나19 이후 단계적 일상회복에 따라 사회활동이 증가하면서 전반적인 결식이 감소했다”며 “여기에 밀키트(탕류·반찬류 등) 시장 확대로 최근 쌀 소비량 감소폭이 줄어든 것으로 보인다”고 설명했다.하루 기준으로 보면 1인당 하루 쌀 소비량은 154.6g으로 전년 대비 0.9g(0.6%) 줄었다. 밥 한 공기에 쌀이 90g라고 하면 하루에 두 공기도 먹지 않는 셈이다. 하루 쌀 소비량은 2014년 178.2g에서 2020년 150g대로 떨어지는 등 매년 감소하고 있다.시장에서 판매 중인 가래떡. 경향DB반면 사업체 부문(식료품·음료)에서 제품 원료로 쓰이는 가공용 쌀 소비량은 큰 폭으로 늘었다. 지난해 가공용 쌀 소비량은 81만7122t으로 1년 전(69만1422t)보다 12만5700t(18.2%) 증가했다. 업종별 보면 과자류, 곡물 가공품, 장류, 주정용 등의 수요가 전년 대비 20% 이상 증가했다. 면류(-13.6%), 기타식사용조리식품(-10.0%) 수요는 줄었다.떡류의 쌀 소비량 증가세 두드러진다. 떡류 쌀 소비량은 2020년 15만9000t에서 2022년 18만5000t으로 증가한 뒤 지난해 21만4000t으로 뛰어 올랐다. 농식품부는 “일상회복 후 행사 등이 증가하고 최근 떡볶이 열풍으로 떡볶이떡 수요가 증가한 영향”이라고 분석했다.",경제,경향신문
"대한전선 ""1월 美 누적 수주, 3200만달러 돌파""","대한전선이 미국에서 케이블을 포설하고 있다. 대한전선 제공[파이낸셜뉴스] 대한전선 1월 미국에서의 누적 수주액이 3200만달러(약 427억원)를 넘어섰다고 26일 밝혔다.   대한전선에 따르면 이는 지난 2022년 연간 누적 수주(3억달러)의 10%를 넘어선 규모다. 수주 지역은 동부 및 서부 주요 도시로 제품군은 송전용인 초고압(EHV) 케이블, 배전용 중저압(MV·LV) 케이블 및 가공선 등 다양하다.   대한전선은 초고압, 중저압, 가공선 등 다양한 사업 영역의 포트폴리오를 기반으로 수주를 더욱 확대하겠다는 입장이다. 특히 올해부터 양산을 시작하는 해저케이블과 초고압직류송전(HVDC) 케이블 등 전략 제품 수주도 추진할 계획이다.   대한전선 관계자는 “미국 산업이 신재생 에너지 중심으로 재편됨에 따라 다수 대형 입찰이 진행되고 있다”며 “북미 지역에서 수년간 주요 전력망 공급자로 신뢰를 쌓아온 만큼, 긍정적인 성과가 계속될 것으로 기대된다”고 말했다.   한편 대한전선은 지난 2001년 뉴욕 판매 법인을 설립, 미국에 첫 진출했다. 현재는 수주 경쟁력 강화를 위해 미국 현지 케이블 공장 또는 법인 인수를 검토하고 있다.",경제,파이낸셜뉴스
강호동 농협회장 당선자 “변화·혁신 통해 '농민의 농협’ 만들 것”,"강호동 제25대 농협중앙회 회장 당선자[연합][헤럴드경제=배문숙 기자]강호동 제25대 농협중앙회 회장 당선자는 25일 “‘새로운 대한민국 농협’을 만들고, 그동안 국민들로부터 받은 사랑과 성원을 돌려 드리기 위해 (임기) 4년을 10년 같이 일하겠다”고 말했다.강 당선자는 이날 중구 농협중앙회 대강당에서 진행된 선거에서 당선 확정 이후 소감문을 통해 “중앙회 및 농·축협의 변화와 혁신을 통해 '농민의 농협'을 만들고, 글로벌 농협을 구축하겠다”며 이같이 밝혔다.그는 “공약으로 제시한 여러 정책과 과제를 다시 한번 가다듬어 이른 시일안에 구체적인 실천 방안을 만들겠다”면서 “임기 내내 농민 곁으로, 또 국민 속으로 들어가 현장에 있겠다”고 약속했다.강 당선자는 앞서 중앙회와 경제지주의 통합을 추진하고, 지역 농·축협의 경영 부담 완화를 위해 무이자 자금 규모를 20조원으로 늘리겠다는 공약을 제시한 바 있다.",경제,헤럴드경제
"'챗GPT 아버지' 설득 시간 단 하루…삼성, 평택 공장서 '승부수'","샘 올트먼 오픈 AI 전 최고경영자(CEO)/사진=로이터,뉴스1챗GPT의 아버지 샘 올트먼 오픈 AI 최고경영자(CEO)가 26일 삼성전자의 평택캠퍼스를 방문한다. 이후 SK하이닉스와도 미팅을 가지지만 공장을 방문하진 않는 것으로 전해진다. 올트먼이 6시간에 불과했던 방한 시간을 10시간 넘게 늘리면서 평택 캠퍼스를 방문하는 것은 삼성전자가 경쟁사대비 월등한 캐파(CAPA, 생산능력)를 강조하기 위한 전략을 세웠기 때문인 것으로 해석된다.삼성전자가 올트먼의 유일한 선택지는 아니다.  올트먼은 엔비디아의 영향력을 줄이기 위해 자체 AI반도체 칩을 만들 것이라고 반복해 시사했다. 삼성전자 외에도 아랍에미리티트연합(UAE)의 AI기업 'G42', 일본 소프트뱅크 등도 논의 대상이라 전해진다. 특히 삼성전자의 직접적 경쟁자인 파운드리(반도체 위탁생산) 기업 대만 TSMC, 메모리반도체 기업 SK하이닉스도 올트먼과 만난다.삼성전자와는 오픈 AI가 설계한 AI반도체를 삼성전자 파운드리가 위탁생산하는 것과 AI반도체 필수재인 고대역폭메모리(HBM) 공급 협력을 논의할 전망이다. 이에 삼성전자로선 경쟁사를 뛰어넘는 장점을 어필해야 한다고 판단을 내린 것으로 보인다. 우월한 메모리반도체 캐파를 드러낼 수 있는데다가 파운드리 라인까지 함께 갖춘 거대한 평택 캠퍼스를 보여주려는 의도다. 파운드리와 HBM 글로벌 점유율에 있어 삼성전자가 각각 TSMC와 SK하이닉스에 뒤진다. 글로벌 시장조사업체 트렌드포스에 따르면 지난해 3분기 기준 TSMC의 점유율은 57.9%, 삼성전자는 12.4%로, 격차는 45.5%포인트다. 지난해 HBM 점유율은 SK하이닉스가 53%, 삼성전자가 38%일 것이라고 분석했다.삼성전자 평택캠퍼스는 공장 총 6개로 꾸려진다. 축구장 500개 크기로 단일 캠퍼스 기준 최대 규모다. 현재 P3(3공장)까지 완성했고, P4를 건설 중이다. 삼성전자가 클린룸을 우선 건설하고 향후 시장 수요에 탄력적으로 대응·생산한다는 쉘 퍼스트 전략을 갖고 있는만큼 오픈 AI와의 협력 속도가 경쟁사보다 빠를 수 있다는 점도 장점으로 꼽힌다. 앞서 올트먼이 미국 의회와 첨단 반도체 생산 공장 건설에 대해 논의하면서 AI용 고성능 반도체 대량 생산이 터무니없이 부족하다고 말했다고 워싱턴포스트 등 외신이 보도했다.국내 반도체 업계 관계자는 ""삼성전자가 메모리반도체 톱3 중에 가장 큰 생산 능력을 가지고 있다""며 ""SK하이닉스의 (HBM) 성능과 수율을 따라잡기만 한다면 훨씬 큰 수혜를 입을 수 있을 것. 올트먼에게도 평택캠퍼스의 규모를 보여주며 월등한 캐파라는 장점을 피력할 것""이라고 말했다.",경제,머니투데이
"삼성운용 반도체 ETF 시리즈 순자산 1조…""올해는 반도체의 해""","삼성자산운용은 KODEX 반도체 ETF(상장지수펀드) 시리즈 6종의 순자산이 1조원을 돌파했다고 26일 밝혔다.한국거래소에 따르면 올해 들어 삼성자산운용의 반도체 ETF 시리즈의 순자산은 1053억원 급증해 전날 기준 1조426억원을 기록했다.삼성자산운용은 국내 대표 반도체 ETF인 'KODEX 반도체'를 필두로 AI(인공지능) 반도체, 시스템반도체 등 국내외 반도체 산업 전반에 투자할 수 있는 6종의 라인업을 갖추고 있다.2006년 상장한 국내 최초 반도체 ETF인 'KODEX 반도체'는 삼성전자, SK하이닉스 등 국내 반도체 대표 기업에 투자하는 상품이다. 연초 이후 보험 123억원, 은행 134억원 등 기관 순매수가 늘어나며 총 순자산 7000억원을 돌파했다.지난해 11월에 상장한 'KODEX AI반도체핵심장비' ETF는 HBM(고대역폭메모리) 관련 장비주와 온디바이스 AI 관련 기업에 집중 투자한다. 연초 이후 수익률 3.77%를 올리며 반도체 소부장(소재·부품·장비) ETF 중 가장 우수한 성과를 거뒀다. 개인 투자자 순매수 규모는 66억원을 기록했다.미국과 아시아 반도체 시장에 투자하는 상품도 있다. 'KODEX 미국반도체MV, 'KODEX 아시아반도체공급망exChina액티브', 'KODEX 한중반도체(합성)'을 통해 시차나 환전의 불편함 없이 손쉽게 해당 국가의 반도체 산업에 투자할 수 있다.'KODEX 미국반도체MV'의 기초지수인 MV미국반도체25지수는 엔비디아의 비중이 높아 AI 반도체의 성장을 잘 대변한다. MV미국반도체25지수는 종합반도체 지수인 필라델피아 지수 대비 연초 이후 2.94%p(포인트), 최근 1년 동안은 7.25%p만큼 초과 성과를 보이며 동기간 각각 10.05%, 62.42%의 수익률을 기록했다.이대환 삼성자산운용 ETF운용3팀 매니저는 ""삼성자산운용은 국내외 반도체 ETF 라인업을 통해 투자자의 다양한 니즈를 충족하는 '반도체 투자 종합 솔루션'을 제공하고 있다""며 ""AI 산업은 단기성 이슈로 그치지 않는 메가트렌드로 올해는 반도체의 해가 될 것""이라고 말했다./사진 제공=삼성자산운용",경제,머니투데이
"한국 찾은 GM 생산 총괄부사장… “트랙스·트레일블레이저, GM 사업전략 중요 역할”","제럴드 존슨 제너럴 모터스(GM) 글로벌 생산 부문 총괄부사장이 한국GM 부평·창원공장을 찾아 철저한 품질 관리와 차질 없는 생산·공급의 중요성을 강조했다고 GM 한국사업장이 밝혔다.     존슨 총괄부사장은 지난 24일과 25일 GM 부평공장과 창원공장을 잇달아 방문했다.      제럴드 존슨 GM 글로벌 생산 부문 총괄부사장이 24일 GM 부평공장에서 임직원과 인사하고 있다. GM 한국사업장 제공    존슨 총괄부사장의 이번 방한은 올해 첫 해외 사업장 방문으로, 한국사업장의 중요성을 강조하는 차원에서 이뤄졌다. 한국사업장에서는 GM의 글로벌 차량 포트폴리오에서 소형 크로스오버와 스포츠유틸리티차(SUV) 핵심 제품군인 쉐보레 트레일블레이저와 트랙스 크로스오버가 생산되고 있다. 지난해 국내에서 수출된 전체 승용차 중 각각 1위와 4위를 차지한 모델이다.     존슨 총괄부사장은 GM 한국사업장 임직원들에게 “두 모델은 GM의 올해 핵심 사업전략 중 하나인 수익성 있는 내연기관 포트폴리오의 성장에 중요한 역할을 수행하고 있다”며 “뛰어난 품질 관리를 바탕으로 차질없는 생산과 공급을 담당하고 있는 모든 한국팀의 헌신에 감사하다”고 말했다.     헥터 비자레알 GM 한국사업장 사장은 “GM 한국사업장은 지난해에 이어 올해도 연간 50만 대 규모의 생산 역량을 최대한 가동해 폭발적인 글로벌 수요에 차질없이 대응할 것이며, 이를 통해 한국 비즈니스의 지속 가능성을 한층 강화할 계획”이라고 전했다.",경제,세계일보
다시 꿈틀대는 국제유가…후티 반군 등 지정학적 위기 고조,"WTI 배럴당 3%·브렌트유 2.4% 상승한파에 미 원유 재고도 기대치 밑돌아25일(현지 시각) 3월 인도분 서부텍사스산원유(WTI)와 브렌트유 선물 모두 지난해 11월 29일 이후 종가 기준으로 약 두 달 만에 가장 높은 수준을 기록했다. ⓒAFP=연합뉴스지정학적 위험이 장기화하는 가운데 한파까지 겹치면서 국제유가가 두 달 만에 최고 수준으로 올랐다.25일(현지 시각) 뉴욕상업거래소에서 3월 인도분 서부텍사스산원유(WTI) 선물 종가는 배럴당 77.36달러로 전날 종가 대비 2.27달러(3.0%) 상승했다. 런던 ICE선물거래소에서 3월 인도분 브렌트유 선물도 전날 종가 대비 1.92달러(2.4%) 오른 배럴당 81.96달러에 거래를 마쳤다. 두 개의 유가 모두 지난해 11월 29일 이후 종가 기준으로 약 두 달 만에 가장 높은 수준을 기록했다.예멘의 후티 반군이 홍해를 지나는 선박에 대한 공격을 지속하면서 원유 공급 지연 우려가 확산하고 있다. 전날 세계 2위 해운선사 머스크는 머스크 디트로이트호와 머스크 체서피크호가 미 해군의 호위를 받으면서 아덴만에서 홍해로 연결되는 관문인 바브엘만데브 해협을 지나던 와중에 예멘의 후티 반군으로부터 미사일 공격을 받았다고 밝혔다.우크라이나는 지난 19일 러시아 서부 브랸스크 지역의 유류 창고를, 앞서 18일에는 북서부 상트페테르부르크 지역의 석유 터미널을 공격하는 등 올해 들어 러시아 에너지 인프라를 노린 공습 빈도를 늘리고 있다. 지난 밤 사이에도 우크라이나군은 무인기(드론)를 이용해 크림반도의 주요 정유시설을 공격했다.이날 발표된 미국의 원유 재고는 시장 기대를 밑돌았다. 미 에너지정보청(EIA)의 주간 보고서에 따르면, 한파 영향으로 상업용 원유 재고가 한 주 전보다 920만 배럴 감소했다. 아울러 중국 정부가 부양책을 발표한 데 따라 원유 수요가 되살아날 수 있다는 기대감도 유가 상승을 부채질했다.스코프 마켓의 조슈아 마호니 애널리스트는 ""공급망 불안이 몇 달간 지속할 수 있다는 분명한 가능성에 에너지 시장이 경각심을 갖기 시작했다""라고 진단했다.",경제,시사저널
'서학개미' 열풍에 …작년  일평균 외환거래액 최대,"지난해 659.6억 달러 집계···2022년보다 5.7% 늘어한국은행 전경. 서울경제DB[서울경제] 지난해 하루 평균 외환 거래액이 역대 최대 규모에 이르렀다.26일 한국은행이 발표한 ‘2023년 중 외국환은행의 외환거래 동향’에 따르면 작년 외국환은행의 일 평균 외환거래(현물환·외환파생상품 거래) 규모는 659억 6000만 달러로 집계됐다. 이는 지난 2022년(623억 8000만 달러)보다 5.7%(35억 7000만 달러) 증가한 수치이다. 또 2008년 통계 개편 이후 최대 수치이다.외환 거래액이 늘어난 이유는 국내 투자자의 외화증권 결제와 외국인의 증권투자가 늘었기 때문으로 풀이된다. 국내 투자자의 외화증권 결제액은 지난해 3826억 달러로 2022년(3755억 달러)보다 71억 달러 증가했다. 이른바 ‘서학개미’ 열풍으로 결제 규모가 급증한 것이다. 외국인의 국내 증권투자 매수·매도 금액도 지난해 월평균 209조 원으로 전년(183조 원)보다 26조 원 이상 급증했다. 다만 수출입규모는 지난해 1조 2750억 달러로 2022년(1조 4150억 달러)보다 감소했다. 한은은 이와 관련 “수출입 규모 감소에도 불구하고 거주자와 외국인의 증권투자 매매가 증가한 영향 때문”이라고 설명했다.상품별로는 1일 평균 현물환 거래(258억 1000만 달러)가 11.6%(26억 7000만 달러), 외환파생상품 거래(401억 5000만 달러)가 2.3%(9억 달러) 각각 증가했다. 은행별로는 국내 은행의 거래규모가 304억 2000만 달러로 지난해보다 14% 이상 늘었다.",경제,서울경제
"넥스트엘레베이션, 스마일샤크와 스타트업 성장 위해 '맞손'","26일 전략적 MOU 체결아시아경제가 설립한 넥스트엘레베이션은 클라우드 컨설팅 스타트업 스마일샤크와 스타트업 발굴과 성장 지원을 위한 업무협약(MOU)을 체결했다고 26일 밝혔다.이번 협약은 양사가 함께 유망한 스타트업을 발굴하고 지원하기 위한 것이다. 특히 선발된 스타트업 중 클라우드 인프라 기술을 중심으로 하는 스타트업을 위해 필요한 다양한 지원을 제공할 계획이다. 양사는 이번 협약을 통해 유니콘으로 도약할 수 있는 우수한 스타트업을 함께 발굴하며 국내외 스타트업 생태계의 지속적인 성장과 발전에 기여할 예정이다. 한편 넥스트엘레베이션은 2기 액셀러레이팅 프로그램에 참가할 스타트업을 1월29일부터 모집한다. 액셀러레이팅 프로그램에 선발된 팀 중 우수 팀을 선정해 최대 1억원을 투자한다. 2기 프로그램에 참여하는 모든 팀에는 후속 투자 유치 지원, 미디어 PR 등 다양한 혜택이 제공될 예정이다.",경제,아시아경제
"‘불황’에도 1년 만에 흑자전환…SK하이닉스, 직원부터 챙겼다","직원에 격려금·자사주 지급…임원 처우는 ‘확실한 흑자전환’까지 유보4Q 매출 11조3055억원, 영업익 3460억원…D램 경쟁력으로 적자 탈출SK하이닉스 직원이 생산 라인에서 반도체 웨이퍼를 들어 보이고 있다. [사진 SK하이닉스][이코노미스트 정두용 기자] SK하이닉스가 바닥에서 탈출했다. 1년간 이어진 적자를 끊어냈다. 회사는 공로를 직원들에게 돌렸다. 자사주 15주와 격려금 200만원을 지급하기로 정했다. 여기에 임원은 포함되지 않았다. SK하이닉스 측은 “어려운 경영환경을 극복하고 큰 폭의 기업가치 상승을 이끈 구성원을 위한 것”이라고 했다.SK하이닉스는 25일 실적발표를 통해 2023년 4분기 연결기준 매출 11조3055억원, 영업이익 3460억원을 각각 기록했다고 밝혔다. 2022년 4분기부터 이어진 적자에서 벗어나는 데 성공했다. 4분기 영업이익률은 3%로 나타났다. 다만 이 기간 순소실은 1조3795억원(순손실률 12%)으로 집계됐다.지난해 4분기 흑자 전환에 성공했지만, 연간 기준으론 영업손실을 피할 순 없었다. 2023년 연간 실적은 매출 32조7657억원, 영업손실 7조7303억원을 기록했다. 영업손실률은 24%로 집계됐다. 연간 순손실 역시 9조1375억원(순손실률 28%)을 써냈다.SK하이닉스는 지난해 4분기 흑자로 전환된 배경으로 ▲인공지능(AI) 서버와 모바일향 제품 수요 증가 ▲평균판매단가(ASP·Average Selling Price) 상승하는 등 메모리 시장 환경이 개선을 꼽았다. 또 수익성 중심 경영활동의 효과도 나타났다는 점도 조기에 흑자전환을 이룬 요인으로 작용했다.연간 적자에도 직원 챙긴 회사1년 만에 분기 흑자를 기록한 SK하이닉스는 직원부터 챙겼다. 연간 적자를 기록한 상황이라 대규모 성과급을 지급하진 못했지만, 격려금을 통해 직원의 마음을 챙겼다. 200만원 격려금은 오는 29일 지급된다. 자사주 15주는 추후 필요한 절차를 거쳐 각각 지급될 예정이다.다만 임원들은 회사의 어려움을 극복하는 데 함께한다. 2023년에 이어 2024년에도 연봉 등 모든 임원 처우에 관한 결정은 회사가 확실하게 연속적인 흑자전환을 달성하는 시점 이후로 유보하기로 했다. ‘리더의 솔선수범을 통한 위기 극복’을 지속하겠단 취지다. 회사 측은 “지난해 임원과 구성원 모두는 원팀(One Team)으로 결속, 최고의 기술 경쟁력을 확보했다”며 “모두가 비용 절감을 실천하는 등 어려운 경영환경을 슬기롭게 극복해 왔다”고 전했다.회사가 직원에게 자사주를 지급하는 것도 이런 이유에서다. SK하이닉스 측은 “핵심 경쟁력인 구성원들에게 미래 기업 가치 제고를 향한 동참을 독려하고자 지급하는 것”이라고 했다. 곽노정 SK하이닉스 대표이사(사장)가 최근 밝힌 ‘3년 내 기업가치 200조원 달성 목표’ 포부에 회사 구성원이 함께하는 분위기를 조성하겠단 취지다.“시장 선도한 기술력 지속 고도화”SK하이닉스의 주력 제품인 DDR5·HBM3 지난해 매출은 각각 전년 대비 4배·5배 이상 증가했다. 반도체 시장 반등이 늦어지면서 실적 악화가 이어지는 상황에서 주력 제품의 높은 판매량은 분기 흑자전환을 이룬 원동력으로 작용했다. 다만 회사는 반도체 불황에 따라 낸드 분야에선 그간 투자와 비용을 효율화하는 데 집중했다고 밝혔다. DDR(Double Data Rate)은 한 번의 클럭 신호에 데이터를 두 번 전송할 수 있는 D램을 말한다. HBM(High Bandwidth Memory·고대역폭 메모리)는 적층 기술을 접목해 데이터 전송 속도가 일반적인 D램보다 높인 제품을 말한다. 두 제품 모두 뒤에 붙은 숫자가 높을수록 성능이 개선됐다는 걸 의미한다.SK하이닉스는 이날 실적발표 후 이어진 컨퍼런스콜(투자자 설명회)을 통해 “올 하반기로 갈수록 HBM3나 DDR5 같은 선단 제품으로의 전환이 가속화될 것”이라며 “레거시 제품 공급은 급격히 줄어들고 연말에는 고객뿐 아니라 공급사 재고도 줄어들 것으로 기대된다”고 설명했다.SK하이닉스는 고성능 D램 수요 증가 흐름에 맞춰 ▲AI용 메모리인 HBM3E 양산 ▲HBM4 개발 등을 순조롭게 진행할 방침이다. 서버와 모바일 시장에 DDR5·LPDDR5T 등 고성능·고용량 제품을 적기에 공급할 계획이다. LPDDR(Low Power DDR)은 극단적인 저전력을 목표로 만든 DDR을 말한다. 주로 모바일 제품에 탑재된다.SK하이닉스가 2023년 8월 개발에 성공한 AI용 초고성능 D램 신제품인 ‘HBM3E’ 이미지. [제공 SK하이닉스]회사는 지속해서 확대되는 AI향 서버 수요와 온디바이스(on-device) AI 응용 확산을 대비해 고용량 서버용 모듈 MCRDIMM((Multiplexer Combined Ranks Dual In-line Memory Module)과 고성능 모바일 모듈 LPCAMM2(Low Power Compression Attached Memory Module 2) 준비에도 만전을 기해 기술 리더십을 지켜간다는 계획이다. MCRDIMM은 여러 개의 D램이 기판에 결합된 모듈 제품이다. 모듈의 기본 정보처리 동작 단위인 랭크(Rank) 2개가 동시 작동돼 속도를 향상했다. LPCAMM2는 LPDDR5X 기반의 모듈 솔루션 제품으로 기존 DDR5 SODIMM 2개를 LPCAMM2 1개로 대체하는 성능 효과를 보인다.SK하이닉스는 LPCAMM2가 공간 절약뿐만 아니라 저전력과 고성능 특성을 지녀 시장에서 강점을 지녔다고 설명했다. 낸드의 경우 eSSD 등 프리미엄 제품 중심으로 판매를 확대해 수익성을 개선하고 내실을 다지기로 했다.SK하이닉스는 지난해와 마찬가지로 올해에도 고부가가치 제품 중심으로 생산을 늘려 수익성과 효율성을 높이는 기조를 유지한다. 투자비용(CAPEX) 증가는 최소화해 안정적인 사업 운영에 방점을 두겠다고 강조했다.김우현 SK하이닉스 최고재무책임자(CFO·부사장)는 “장기간 이어져 온 다운턴에서도 회사는 AI 메모리 등 기술 리더십을 공고히 하며 지난해 4분기 흑자 전환과 함께 실적 반등을 본격화하게 됐다”며 “새로운 도약의 시기를 맞아 변화를 선도하고 고객맞춤형 솔루션을 제시하면서 ‘토털 AI 메모리 프로바이더’로 성장해 갈 것”이라고 말했다.",경제,이코노미스트
